file_prefix,doubleBC,BC1,BC2,source_name,intendedBC,observedBC
EVO3D_IRA1_NON_rearray_Plate1-D5,_,,,EVO3D_IRA1_NON_rearray_Plate1-D5,ATCACAATAACTAAACTGATTCTTCA_CGCATAACCCTCAACAAATTTAAAAT,_
EVO3D_IRA1_NON_rearray_Plate1-D7,_,,,EVO3D_IRA1_NON_rearray_Plate1-D7,ATCACAATAACTAAACTGATTCTTCA_ACGGAAAGCCGAAAAAGTCTTTTAAG,_
EVO3D_IRA1_NON_rearray_Plate1-E1,_,,,EVO3D_IRA1_NON_rearray_Plate1-E1,ATCACAATAACTAAACTGATTCTTCA_CACATAATTTCTAACAGCTTTTTCCG,_
EVO3D_IRA1_NON_rearray_Plate1-E2,ACTGGAAATCCCAATCAATTTGAAGG_ATCACAATAACTAAACTGATTCTTCA,ACTGGAAATCCCAATCAATTTGAAGG,ATCACAATAACTAAACTGATTCTTCA,EVO3D_IRA1_NON_rearray_Plate1-E2,ATCACAATAACTAAACTGATTCTTCA_ACTGGAAATCCCAATCAATTTGAAGG,ATCACAATAACTAAACTGATTCTTCA_ACTGGAAATCCCAATCAATTTGAAGG
EVO3D_IRA1_NON_rearray_Plate1-E4,_,,,EVO3D_IRA1_NON_rearray_Plate1-E4,ATCACAATAACTAAACTGATTCTTCA_AGCGAAACCTGCAAGCAACTTGCTAG,_
EVO3D_IRA1_NON_rearray_Plate1-E8,CCTGGAAAGGGTAACACGTTTCGGAA_ATCACAATAACTAAACTGATTCTTCA,CCTGGAAAGGGTAACACGTTTCGGAA,ATCACAATAACTAAACTGATTCTTCA,EVO3D_IRA1_NON_rearray_Plate1-E8,ATCACAATAACTAAACTGATTCTTCA_CCTGGAAAGGGTAACACGTTTCGGAA,ATCACAATAACTAAACTGATTCTTCA_CCTGGAAAGGGTAACACGTTTCGGAA
EVO3D_IRA1_NON_rearray_Plate2-B10,_,,,EVO3D_IRA1_NON_rearray_Plate2-B10,ATCACAATAACTAAACTGATTCTTCA_CTAAGAAAAATTAATCTCATTATTGC,_
EVO3D_IRA1_NON_rearray_Plate2-B11,CGTTTAAAAACTAATCAAATTCGAGT_ATCACAATAACTAAACTGATTCTTCA,CGTTTAAAAACTAATCAAATTCGAGT,ATCACAATAACTAAACTGATTCTTCA,EVO3D_IRA1_NON_rearray_Plate2-B11,ATCACAATAACTAAACTGATTCTTCA_CGTTTAAAAACTAATCAAATTCGAGT,ATCACAATAACTAAACTGATTCTTCA_CGTTTAAAAACTAATCAAATTCGAGT
EVO3D_IRA1_NON_rearray_Plate2-B12,GAGAGAAAACCGAATGGTTTTGTCAC_ATCACAATAACTAAACTGATTCTTCA,GAGAGAAAACCGAATGGTTTTGTCAC,ATCACAATAACTAAACTGATTCTTCA,EVO3D_IRA1_NON_rearray_Plate2-B12,ATCACAATAACTAAACTGATTCTTCA_GAGAGAAAACCGAATGGTTTTGTCAC,ATCACAATAACTAAACTGATTCTTCA_GAGAGAAAACCGAATGGTTTTGTCAC
EVO3D_IRA1_NON_rearray_Plate2-C3,_,,,EVO3D_IRA1_NON_rearray_Plate2-C3,ATCACAATAACTAAACTGATTCTTCA_GGAGCAACCCGGAACGGGATTGCGAG,_
EVO3D_IRA1_NON_rearray_Plate2-C4,_,,,EVO3D_IRA1_NON_rearray_Plate2-C4,ATCACAATAACTAAACTGATTCTTCA_AGGTCAATGGTGAAGGGTTTTGCGGG,_
EVO3D_IRA1_NON_rearray_Plate2-C10,GCTCTAAAAGCAAAAGGTTTTTGAGA_ATCACAATAACTAAACTGATTCTTCA,GCTCTAAAAGCAAAAGGTTTTTGAGA,ATCACAATAACTAAACTGATTCTTCA,EVO3D_IRA1_NON_rearray_Plate2-C10,ATCACAATAACTAAACTGATTCTTCA_GCTCTAAAAGCAAAAGGTTTTTGAGA,ATCACAATAACTAAACTGATTCTTCA_GCTCTAAAAGCAAAAGGTTTTTGAGA
EVO3D_IRA1_NON_rearray_Plate2-C11,_,,,EVO3D_IRA1_NON_rearray_Plate2-C11,ATCACAATAACTAAACTGATTCTTCA_ATCGGAAACTGAAAGGTGGTTCATAA,_
EvolvingFront_WGS_Plate3_A01,CGCCCAATTTCCAATATCTTTAAGCT_CCAACAAAACACAAATCTGTTGTGTA,CGCCCAATTTCCAATATCTTTAAGCT,CCAACAAAACACAAATCTGTTGTGTA,EVO2D_IRA1_NON_rearray_Plate2-A2,CCAACAAAACACAAATCTGTTGTGTA_CGCCCAATTTCCAATATCTTTAAGCT,CCAACAAAACACAAATCTGTTGTGTA_CGCCCAATTTCCAATATCTTTAAGCT
EvolvingFront_WGS_Plate3_A02,GCGAGAATTTGAAAACCACTTAATCA_CCAACAAAACACAAATCTGTTGTGTA,GCGAGAATTTGAAAACCACTTAATCA,CCAACAAAACACAAATCTGTTGTGTA,EVO2D_IRA1_NON_rearray_Plate2-A5,CCAACAAAACACAAATCTGTTGTGTA_GCGAGAATTTGAAAACCACTTAATCA,CCAACAAAACACAAATCTGTTGTGTA_GCGAGAATTTGAAAACCACTTAATCA
EvolvingFront_WGS_Plate3_A03,AGAGCAAAGGTGAATGTAGTTTAATG_CCAACAAAACACAAATCTGTTGTGTA,AGAGCAAAGGTGAATGTAGTTTAATG,CCAACAAAACACAAATCTGTTGTGTA,EVO2D_IRA1_NON_rearray_Plate2-A6,CCAACAAAACACAAATCTGTTGTGTA_AGAGCAAAGGTGAATGTAGTTTAATG,CCAACAAAACACAAATCTGTTGTGTA_AGAGCAAAGGTGAATGTAGTTTAATG
EvolvingFront_WGS_Plate3_A04,ACCATAAGTTTTAAAAGAGTTATTGC_CCAACAAAACACAAATCTGTTGTGTA,ACCATAAGTTTTAAAAGAGTTATTGC,CCAACAAAACACAAATCTGTTGTGTA,EVO2D_IRA1_NON_rearray_Plate2-A12,CCAACAAAACACAAATCTGTTGTGTA_ACCATAAGTTTTAAAAGAGTTATTGC,CCAACAAAACACAAATCTGTTGTGTA_ACCATAAGTTTTAAAAGAGTTATTGC
EvolvingFront_WGS_Plate3_A05,TACGAAAAATATAAAGGAGTTTATTT_CCAACAAAACACAAATCTGTTGTGTA,TACGAAAAATATAAAGGAGTTTATTT,CCAACAAAACACAAATCTGTTGTGTA,EVO2D_IRA1_NON_rearray_Plate2-B1,CCAACAAAACACAAATCTGTTGTGTA_TACGAAAAATATAAAGGAGTTTATTT,CCAACAAAACACAAATCTGTTGTGTA_TACGAAAAATATAAAGGAGTTTATTT
EvolvingFront_WGS_Plate3_A07,AAAATAACAAAGAATATGGTTACTCT_CCAACAAAACACAAATCTGTTGTGTA,AAAATAACAAAGAATATGGTTACTCT,CCAACAAAACACAAATCTGTTGTGTA,EVO2D_IRA1_NON_rearray_Plate2-B3,CCAACAAAACACAAATCTGTTGTGTA_AAAATAACAAAGAATATGGTTACTCT,CCAACAAAACACAAATCTGTTGTGTA_AAAATAACAAAGAATATGGTTACTCT
EvolvingFront_WGS_Plate3_A08,ACCATAAAATGTAATGCGTTTCAGTG_CCAACAAAACACAAATCTGTTGTGTA,ACCATAAAATGTAATGCGTTTCAGTG,CCAACAAAACACAAATCTGTTGTGTA,EVO2D_IRA1_NON_rearray_Plate2-B4,CCAACAAAACACAAATCTGTTGTGTA_ACCATAAAATGTAATGCGTTTCAGTG,CCAACAAAACACAAATCTGTTGTGTA_ACCATAAAATGTAATGCGTTTCAGTG
EvolvingFront_WGS_Plate3_A09,CGTTCAACTACGAACCTATTTTTTA_CCAACAAAACACAAATCTGTTGTGTA,CGTTCAACTACGAACCTATTTTTTA,CCAACAAAACACAAATCTGTTGTGTA,EVO2D_IRA1_NON_rearray_Plate2-B11,CCAACAAAACACAAATCTGTTGTGTA_CGTTCAACTACGAACCTATTTTTTA,CCAACAAAACACAAATCTGTTGTGTA_CGTTCAACTACGAACCTATTTTTTA
EvolvingFront_WGS_Plate3_A10,GGCTCAACGTGTAAGGGGGTTGGAGG_CCAACAAAACACAAATCTGTTGTGTA,GGCTCAACGTGTAAGGGGGTTGGAGG,CCAACAAAACACAAATCTGTTGTGTA,EVO2D_IRA1_NON_rearray_Plate2-B12,CCAACAAAACACAAATCTGTTGTGTA_GGCTCAACGTGTAAGGGGGTTGGAGG,CCAACAAAACACAAATCTGTTGTGTA_GGCTCAACGTGTAAGGGGGTTGGAGG
EvolvingFront_WGS_Plate3_A12,TCATAAATATTGAAAGACGTTTCGAG_CCAACAAAACACAAATCTGTTGTGTA,TCATAAATATTGAAAGACGTTTCGAG,CCAACAAAACACAAATCTGTTGTGTA,EVO2D_IRA1_NON_rearray_Plate2-C2,CCAACAAAACACAAATCTGTTGTGTA_TCATAAATATTGAAAGACGTTTCGAG,CCAACAAAACACAAATCTGTTGTGTA_TCATAAATATTGAAAGACGTTTCGAG
EvolvingFront_WGS_Plate3_B01,AACGCAAGAGGTAAGGGGATTGGGTG_CCAACAAAACACAAATCTGTTGTGTA,AACGCAAGAGGTAAGGGGATTGGGTG,CCAACAAAACACAAATCTGTTGTGTA,EVO2D_IRA1_NON_rearray_Plate2-C6,CCAACAAAACACAAATCTGTTGTGTA_AACGCAAGAGGTAAGGGGATTGGGTG,CCAACAAAACACAAATCTGTTGTGTA_AACGCAAGAGGTAAGGGGATTGGGTG
EvolvingFront_WGS_Plate3_B02,CTCTTAAAATCTAAGCGCATTAGAGT_CCAACAAAACACAAATCTGTTGTGTA,CTCTTAAAATCTAAGCGCATTAGAGT,CCAACAAAACACAAATCTGTTGTGTA,EVO2D_IRA1_NON_rearray_Plate2-D1,CCAACAAAACACAAATCTGTTGTGTA_CTCTTAAAATCTAAGCGCATTAGAGT,CCAACAAAACACAAATCTGTTGTGTA_CTCTTAAAATCTAAGCGCATTAGAGT
EvolvingFront_WGS_Plate3_B03,GGAGTAAACGGAAACTGATTTGAAAG_CCAACAAAACACAAATCTGTTGTGTA,GGAGTAAACGGAAACTGATTTGAAAG,CCAACAAAACACAAATCTGTTGTGTA,EVO2D_IRA1_NON_rearray_Plate2-D7,CCAACAAAACACAAATCTGTTGTGTA_GGAGTAAACGGAAACTGATTTGAAAG,CCAACAAAACACAAATCTGTTGTGTA_GGAGTAAACGGAAACTGATTTGAAAG
EvolvingFront_WGS_Plate3_B04,ACGATAAGGTTAAACAGCATTTCTGT_CCAACAAAACACAAATCTGTTGTGTA,ACGATAAGGTTAAACAGCATTTCTGT,CCAACAAAACACAAATCTGTTGTGTA,EVO2D_IRA1_NON_rearray_Plate2-D9,CCAACAAAACACAAATCTGTTGTGTA_ACGATAAGGTTAAACAGCATTTCTGT,CCAACAAAACACAAATCTGTTGTGTA_ACGATAAGGTTAAACAGCATTTCTGT
EvolvingFront_WGS_Plate3_B05,TTCCCAACTAGCAAGGCGCTTTTGGA_CCAACAAAACACAAATCTGTTGTGTA,TTCCCAACTAGCAAGGCGCTTTTGGA,CCAACAAAACACAAATCTGTTGTGTA,EVO2D_IRA1_NON_rearray_Plate2-D12,CCAACAAAACACAAATCTGTTGTGTA_TTCCCAACTAGCAAGGCGCTTTTGGA,CCAACAAAACACAAATCTGTTGTGTA_TTCCCAACTAGCAAGGCGCTTTTGGA
EvolvingFront_WGS_Plate3_B06,AATGCAACGGTTAATGTGTATTATGTA_CCAACAAAACACAAATCTGTTGTGTA,AATGCAACGGTTAATGTGTATTATGTA,CCAACAAAACACAAATCTGTTGTGTA,EVO2D_IRA1_NON_rearray_Plate2-E4,CCAACAAAACACAAATCTGTTGTGTA_AATGCAACGGTTAATGTGTATTATGTA,CCAACAAAACACAAATCTGTTGTGTA_AATGCAACGGTTAATGTGTATTATGTA
EvolvingFront_WGS_Plate3_B07,CGGCAAACAGGGAACGTAGTTAGGGG_CCAACAAAACACAAATCTGTTGTGTA,CGGCAAACAGGGAACGTAGTTAGGGG,CCAACAAAACACAAATCTGTTGTGTA,EVO2D_IRA1_NON_rearray_Plate2-E7,CCAACAAAACACAAATCTGTTGTGTA_CGGCAAACAGGGAACGTAGTTAGGGG,CCAACAAAACACAAATCTGTTGTGTA_CGGCAAACAGGGAACGTAGTTAGGGG
EvolvingFront_WGS_Plate3_B08,CGACCAAACAGTAAGTGGTTTTAGCC_CCAACAAAACACAAATCTGTTGTGTA,CGACCAAACAGTAAGTGGTTTTAGCC,CCAACAAAACACAAATCTGTTGTGTA,EVO2D_IRA1_NON_rearray_Plate2-E11,CCAACAAAACACAAATCTGTTGTGTA_CGACCAAACAGTAAGTGGTTTTAGCC,CCAACAAAACACAAATCTGTTGTGTA_CGACCAAACAGTAAGTGGTTTTAGCC
EvolvingFront_WGS_Plate3_B09,CTCCTAAACTGTAAATTAGTTGACGC_CCAACAAAACACAAATCTGTTGTGTA,CTCCTAAACTGTAAATTAGTTGACGC,CCAACAAAACACAAATCTGTTGTGTA,EVO2D_IRA1_NON_rearray_Plate2-E12,CCAACAAAACACAAATCTGTTGTGTA_CTCCTAAACTGTAAATTAGTTGACGC,CCAACAAAACACAAATCTGTTGTGTA_CTCCTAAACTGTAAATTAGTTGACGC
EvolvingFront_WGS_Plate3_B10,CGCTAAATTCTAAACGATTTTTCAGT_CCAACAAAACACAAATCTGTTGTGTA,CGCTAAATTCTAAACGATTTTTCAGT,CCAACAAAACACAAATCTGTTGTGTA,EVO2D_IRA1_NON_rearray_Plate2-F1,CCAACAAAACACAAATCTGTTGTGTA_CGCTAAATTCTAAACGATTTTTCAGT,CCAACAAAACACAAATCTGTTGTGTA_CGCTAAATTCTAAACGATTTTTCAGT
EvolvingFront_WGS_Plate3_B11,CGCCTAAACAATAAATTCGTTAAGCC_CCAACAAAACACAAATCTGTTGTGTA,CGCCTAAACAATAAATTCGTTAAGCC,CCAACAAAACACAAATCTGTTGTGTA,EVO2D_IRA1_NON_rearray_Plate2-F6,CCAACAAAACACAAATCTGTTGTGTA_CGCCTAAACAATAAATTCGTTAAGCC,CCAACAAAACACAAATCTGTTGTGTA_CGCCTAAACAATAAATTCGTTAAGCC
EvolvingFront_WGS_Plate3_B12,CTGTCAAGATGGAACGGTGTTGGGAG_CCAACAAAACACAAATCTGTTGTGTA,CTGTCAAGATGGAACGGTGTTGGGAG,CCAACAAAACACAAATCTGTTGTGTA,EVO2D_IRA1_NON_rearray_Plate2-F11,CCAACAAAACACAAATCTGTTGTGTA_CTGTCAAGATGGAACGGTGTTGGGAG,CCAACAAAACACAAATCTGTTGTGTA_CTGTCAAGATGGAACGGTGTTGGGAG
EvolvingFront_WGS_Plate3_C01,GCAGGAAGAGTAAAAGGCTTTGGCGT_CCAACAAAACACAAATCTGTTGTGTA,GCAGGAAGAGTAAAAGGCTTTGGCGT,CCAACAAAACACAAATCTGTTGTGTA,EVO2D_IRA1_NON_rearray_Plate2-G3,CCAACAAAACACAAATCTGTTGTGTA_GCAGGAAGAGTAAAAGGCTTTGGCGT,CCAACAAAACACAAATCTGTTGTGTA_GCAGGAAGAGTAAAAGGCTTTGGCGT
EvolvingFront_WGS_Plate3_C02,TATAGAACCATCAAAGAGTTTATGCT_CCAACAAAACACAAATCTGTTGTGTA,TATAGAACCATCAAAGAGTTTATGCT,CCAACAAAACACAAATCTGTTGTGTA,EVO2D_IRA1_NON_rearray_Plate2-G4,CCAACAAAACACAAATCTGTTGTGTA_TATAGAACCATCAAAGAGTTTATGCT,CCAACAAAACACAAATCTGTTGTGTA_TATAGAACCATCAAAGAGTTTATGCT
EvolvingFront_WGS_Plate3_C03,AGACTAAGTGGAAATAGAGTTTAGAC_CCAACAAAACACAAATCTGTTGTGTA,AGACTAAGTGGAAATAGAGTTTAGAC,CCAACAAAACACAAATCTGTTGTGTA,EVO2D_IRA1_NON_rearray_Plate2-G9,CCAACAAAACACAAATCTGTTGTGTA_AGACTAAGTGGAAATAGAGTTTAGAC,CCAACAAAACACAAATCTGTTGTGTA_AGACTAAGTGGAAATAGAGTTTAGAC
EvolvingFront_WGS_Plate3_C04,CTCAAAAAAAATAAATTCGTTTATTA_CCAACAAAACACAAATCTGTTGTGTA,CTCAAAAAAAATAAATTCGTTTATTA,CCAACAAAACACAAATCTGTTGTGTA,EVO2D_IRA1_NON_rearray_Plate2-G11,CCAACAAAACACAAATCTGTTGTGTA_CTCAAAAAAAATAAATTCGTTTATTA,CCAACAAAACACAAATCTGTTGTGTA_CTCAAAAAAAATAAATTCGTTTATTA
EvolvingFront_WGS_Plate3_C05,CCACCAACATGCAATGATATTTATGA_CCAACAAAACACAAATCTGTTGTGTA,CCACCAACATGCAATGATATTTATGA,CCAACAAAACACAAATCTGTTGTGTA,EVO2D_IRA1_NON_rearray_Plate2-H6,CCAACAAAACACAAATCTGTTGTGTA_CCACCAACATGCAATGATATTTATGA,CCAACAAAACACAAATCTGTTGTGTA_CCACCAACATGCAATGATATTTATGA
EvolvingFront_WGS_Plate3_C06,CCCTTAATCAAAAATTCAGTTTCTCA_CCAACAAAACACAAATCTGTTGTGTA,CCCTTAATCAAAAATTCAGTTTCTCA,CCAACAAAACACAAATCTGTTGTGTA,EVO2D_IRA1_NON_rearray_Plate2-H9,CCAACAAAACACAAATCTGTTGTGTA_CCCTTAATCAAAAATTCAGTTTCTCA,CCAACAAAACACAAATCTGTTGTGTA_CCCTTAATCAAAAATTCAGTTTCTCA
EvolvingFront_WGS_Plate3_C07,TGGCTAATATCAAAATAGGTTAAGTG_CCAACAAAACACAAATCTGTTGTGTA,TGGCTAATATCAAAATAGGTTAAGTG,CCAACAAAACACAAATCTGTTGTGTA,EVO2D_IRA1_NON_rearray_Plate3-A1,CCAACAAAACACAAATCTGTTGTGTA_TGGCTAATATCAAAATAGGTTAAGTG,CCAACAAAACACAAATCTGTTGTGTA_TGGCTAATATCAAAATAGGTTAAGTG
EvolvingFront_WGS_Plate3_C08,TTATCAAGACTGAAAATCGTTGAGCG_CCAACAAAACACAAATCTGTTGTGTA,TTATCAAGACTGAAAATCGTTGAGCG,CCAACAAAACACAAATCTGTTGTGTA,EVO2D_IRA1_NON_rearray_Plate3-A6,CCAACAAAACACAAATCTGTTGTGTA_TTATCAAGACTGAAAATCGTTGAGCG,CCAACAAAACACAAATCTGTTGTGTA_TTATCAAGACTGAAAATCGTTGAGCG
EvolvingFront_WGS_Plate3_C09,TCTCCAATAGCTAAGTGTTTTGCACG_CCAACAAAACACAAATCTGTTGTGTA,TCTCCAATAGCTAAGTGTTTTGCACG,CCAACAAAACACAAATCTGTTGTGTA,EVO2D_IRA1_NON_rearray_Plate3-A7,CCAACAAAACACAAATCTGTTGTGTA_TCTCCAATAGCTAAGTGTTTTGCACG,CCAACAAAACACAAATCTGTTGTGTA_TCTCCAATAGCTAAGTGTTTTGCACG
EvolvingFront_WGS_Plate3_C10,TTCCCAACATATAACTAGCTTATTGC_CCAACAAAACACAAATCTGTTGTGTA,TTCCCAACATATAACTAGCTTATTGC,CCAACAAAACACAAATCTGTTGTGTA,EVO2D_IRA1_NON_rearray_Plate3-A10,CCAACAAAACACAAATCTGTTGTGTA_TTCCCAACATATAACTAGCTTATTGC,CCAACAAAACACAAATCTGTTGTGTA_TTCCCAACATATAACTAGCTTATTGC
EvolvingFront_WGS_Plate3_C11,TAAAAAAGGTGGAAGGGTTTTCGTAC_CCAACAAAACACAAATCTGTTGTGTA,TAAAAAAGGTGGAAGGGTTTTCGTAC,CCAACAAAACACAAATCTGTTGTGTA,EVO2D_IRA1_NON_rearray_Plate3-A11,CCAACAAAACACAAATCTGTTGTGTA_TAAAAAAGGTGGAAGGGTTTTCGTAC,CCAACAAAACACAAATCTGTTGTGTA_TAAAAAAGGTGGAAGGGTTTTCGTAC
EvolvingFront_WGS_Plate3_C12,TTATGAACTCAAAAACATGTTTCTTC_CCAACAAAACACAAATCTGTTGTGTA,TTATGAACTCAAAAACATGTTTCTTC,CCAACAAAACACAAATCTGTTGTGTA,EVO2D_IRA1_NON_rearray_Plate3-B4,CCAACAAAACACAAATCTGTTGTGTA_TTATGAACTCAAAAACATGTTTCTTC,CCAACAAAACACAAATCTGTTGTGTA_TTATGAACTCAAAAACATGTTTCTTC
EvolvingFront_WGS_Plate3_D01,TCAGGAATGTCAAATGTATTTTGTTC_CCAACAAAACACAAATCTGTTGTGTA,TCAGGAATGTCAAATGTATTTTGTTC,CCAACAAAACACAAATCTGTTGTGTA,EVO2D_IRA1_NON_rearray_Plate3-B5,CCAACAAAACACAAATCTGTTGTGTA_TCAGGAATGTCAAATGTATTTTGTTC,CCAACAAAACACAAATCTGTTGTGTA_TCAGGAATGTCAAATGTATTTTGTTC
EvolvingFront_WGS_Plate3_D02,ATCCGAAAACGCAATCTTATTGTCGA_CCAACAAAACACAAATCTGTTGTGTA,ATCCGAAAACGCAATCTTATTGTCGA,CCAACAAAACACAAATCTGTTGTGTA,EVO2D_IRA1_NON_rearray_Plate3-B7,CCAACAAAACACAAATCTGTTGTGTA_ATCCGAAAACGCAATCTTATTGTCGA,CCAACAAAACACAAATCTGTTGTGTA_ATCCGAAAACGCAATCTTATTGTCGA
EvolvingFront_WGS_Plate3_D03,CGGCTAACAGACAAACGATTTTACTG_CCAACAAAACACAAATCTGTTGTGTA,CGGCTAACAGACAAACGATTTTACTG,CCAACAAAACACAAATCTGTTGTGTA,EVO2D_IRA1_NON_rearray_Plate3-B10,CCAACAAAACACAAATCTGTTGTGTA_CGGCTAACAGACAAACGATTTTACTG,CCAACAAAACACAAATCTGTTGTGTA_CGGCTAACAGACAAACGATTTTACTG
EvolvingFront_WGS_Plate3_D04,AATGTAATTCCCAAGGAGGTTATTGA_CCAACAAAACACAAATCTGTTGTGTA,AATGTAATTCCCAAGGAGGTTATTGA,CCAACAAAACACAAATCTGTTGTGTA,EVO2D_IRA1_NON_rearray_Plate3-B12,CCAACAAAACACAAATCTGTTGTGTA_AATGTAATTCCCAAGGAGGTTATTGA,CCAACAAAACACAAATCTGTTGTGTA_AATGTAATTCCCAAGGAGGTTATTGA
EvolvingFront_WGS_Plate3_D05,TCCTAAAATTCGAAATGCTTTGCCAA_CCAACAAAACACAAATCTGTTGTGTA,TCCTAAAATTCGAAATGCTTTGCCAA,CCAACAAAACACAAATCTGTTGTGTA,EVO2D_IRA1_NON_rearray_Plate3-C5,CCAACAAAACACAAATCTGTTGTGTA_TCCTAAAATTCGAAATGCTTTGCCAA,CCAACAAAACACAAATCTGTTGTGTA_TCCTAAAATTCGAAATGCTTTGCCAA
EvolvingFront_WGS_Plate3_D07,CGGTCAAGGTGTAAGATTATTTTTAA_CCAACAAAACACAAATCTGTTGTGTA,CGGTCAAGGTGTAAGATTATTTTTAA,CCAACAAAACACAAATCTGTTGTGTA,EVO2D_IRA1_NON_rearray_Plate3-C7,CCAACAAAACACAAATCTGTTGTGTA_CGGTCAAGGTGTAAGATTATTTTTAA,CCAACAAAACACAAATCTGTTGTGTA_CGGTCAAGGTGTAAGATTATTTTTAA
EvolvingFront_WGS_Plate3_D08,CACTCAATATGTAAAGTGGTTCCCTT_CCAACAAAACACAAATCTGTTGTGTA,CACTCAATATGTAAAGTGGTTCCCTT,CCAACAAAACACAAATCTGTTGTGTA,EVO2D_IRA1_NON_rearray_Plate3-D4,CCAACAAAACACAAATCTGTTGTGTA_CACTCAATATGTAAAGTGGTTCCCTT,CCAACAAAACACAAATCTGTTGTGTA_CACTCAATATGTAAAGTGGTTCCCTT
EvolvingFront_WGS_Plate3_D09,CTTGAAAATCTGAAATGTCTTGGAGC_CCAACAAAACACAAATCTGTTGTGTA,CTTGAAAATCTGAAATGTCTTGGAGC,CCAACAAAACACAAATCTGTTGTGTA,EVO2D_IRA1_NON_rearray_Plate3-D6,CCAACAAAACACAAATCTGTTGTGTA_CTTGAAAATCTGAAATGTCTTGGAGC,CCAACAAAACACAAATCTGTTGTGTA_CTTGAAAATCTGAAATGTCTTGGAGC
EvolvingFront_WGS_Plate3_D10,ATCTAAAAGTCGAATGCTGTTCCGGT_CCAACAAAACACAAATCTGTTGTGTA,ATCTAAAAGTCGAATGCTGTTCCGGT,CCAACAAAACACAAATCTGTTGTGTA,EVO2D_IRA1_NON_rearray_Plate3-D8,CCAACAAAACACAAATCTGTTGTGTA_ATCTAAAAGTCGAATGCTGTTCCGGT,CCAACAAAACACAAATCTGTTGTGTA_ATCTAAAAGTCGAATGCTGTTCCGGT
EvolvingFront_WGS_Plate3_D11,ATTTCAACCTAAAATGAGGTTTTTGC_CCAACAAAACACAAATCTGTTGTGTA,ATTTCAACCTAAAATGAGGTTTTTGC,CCAACAAAACACAAATCTGTTGTGTA,EVO2D_IRA1_NON_rearray_Plate3-D9,CCAACAAAACACAAATCTGTTGTGTA_ATTTCAACCTAAAATGAGGTTTTTGC,CCAACAAAACACAAATCTGTTGTGTA_ATTTCAACCTAAAATGAGGTTTTTGC
EvolvingFront_WGS_Plate3_D12,GCCACAATACATAATCGTTTTGAGTG_CCAACAAAACACAAATCTGTTGTGTA,GCCACAATACATAATCGTTTTGAGTG,CCAACAAAACACAAATCTGTTGTGTA,EVO2D_IRA1_NON_rearray_Plate3-D12,CCAACAAAACACAAATCTGTTGTGTA_GCCACAATACATAATCGTTTTGAGTG,CCAACAAAACACAAATCTGTTGTGTA_GCCACAATACATAATCGTTTTGAGTG
EvolvingFront_WGS_Plate3_E01,AACTAAATCGGGAACACTGTTTAAAT_TATCGAAACCCAAAGAGATTTAATCG,AACTAAATCGGGAACACTGTTTAAAT,TATCGAAACCCAAAGAGATTTAATCG,EVO3D_IRA1_MIS_rearray_Plate1-A1,TATCGAAACCCAAAGAGATTTAATCG_AACTAAATCGGGAACACTGTTTAAAT,TATCGAAACCCAAAGAGATTTAATCG_AACTAAATCGGGAACACTGTTTAAAT
EvolvingFront_WGS_Plate3_E02,CGATCAAAGACTAACTTATTTTGTGG_TATCGAAACCCAAAGAGATTTAATCG,CGATCAAAGACTAACTTATTTTGTGG,TATCGAAACCCAAAGAGATTTAATCG,EVO3D_IRA1_MIS_rearray_Plate1-A2,TATCGAAACCCAAAGAGATTTAATCG_CGATCAAAGACTAACTTATTTTGTGG,TATCGAAACCCAAAGAGATTTAATCG_CGATCAAAGACTAACTTATTTTGTGG
EvolvingFront_WGS_Plate3_E03,TGCTGAATAGAAAAATGAGTTGTTGT_TATCGAAACCCAAAGAGATTTAATCG,TGCTGAATAGAAAAATGAGTTGTTGT,TATCGAAACCCAAAGAGATTTAATCG,EVO3D_IRA1_MIS_rearray_Plate1-A3,TATCGAAACCCAAAGAGATTTAATCG_TGCTGAATAGAAAAATGAGTTGTTGT,TATCGAAACCCAAAGAGATTTAATCG_TGCTGAATAGAAAAATGAGTTGTTGT
EvolvingFront_WGS_Plate3_E05,TGCATAATCGGTAATAAGCTTATTAC_TATCGAAACCCAAAGAGATTTAATCG,TGCATAATCGGTAATAAGCTTATTAC,TATCGAAACCCAAAGAGATTTAATCG,EVO3D_IRA1_MIS_rearray_Plate1-A5,TATCGAAACCCAAAGAGATTTAATCG_TGCATAATCGGTAATAAGCTTATTAC,TATCGAAACCCAAAGAGATTTAATCG_TGCATAATCGGTAATAAGCTTATTAC
EvolvingFront_WGS_Plate3_E06,CTATAAATTTCAAAGACCTTTGGCAC_TATCGAAACCCAAAGAGATTTAATCG,CTATAAATTTCAAAGACCTTTGGCAC,TATCGAAACCCAAAGAGATTTAATCG,EVO3D_IRA1_MIS_rearray_Plate1-A6,TATCGAAACCCAAAGAGATTTAATCG_CTATAAATTTCAAAGACCTTTGGCAC,TATCGAAACCCAAAGAGATTTAATCG_CTATAAATTTCAAAGACCTTTGGCAC
EvolvingFront_WGS_Plate3_E07,AAGAGAAGCCAGAAGGCCATTGGGTC_TATCGAAACCCAAAGAGATTTAATCG,AAGAGAAGCCAGAAGGCCATTGGGTC,TATCGAAACCCAAAGAGATTTAATCG,EVO3D_IRA1_MIS_rearray_Plate1-A7,TATCGAAACCCAAAGAGATTTAATCG_AAGAGAAGCCAGAAGGCCATTGGGTC,TATCGAAACCCAAAGAGATTTAATCG_AAGAGAAGCCAGAAGGCCATTGGGTC
EvolvingFront_WGS_Plate3_E08,AAATCAACTGTTAAGAGGCTTTGATG_TATCGAAACCCAAAGAGATTTAATCG,AAATCAACTGTTAAGAGGCTTTGATG,TATCGAAACCCAAAGAGATTTAATCG,EVO3D_IRA1_MIS_rearray_Plate1-A8,TATCGAAACCCAAAGAGATTTAATCG_AAATCAACTGTTAAGAGGCTTTGATG,TATCGAAACCCAAAGAGATTTAATCG_AAATCAACTGTTAAGAGGCTTTGATG
EvolvingFront_WGS_Plate3_E09,AGCTTAAAAACAAACAATTTTTATAA_TATCGAAACCCAAAGAGATTTAATCG,AGCTTAAAAACAAACAATTTTTATAA,TATCGAAACCCAAAGAGATTTAATCG,EVO3D_IRA1_MIS_rearray_Plate1-A9,TATCGAAACCCAAAGAGATTTAATCG_AGCTTAAAAACAAACAATTTTTATAA,TATCGAAACCCAAAGAGATTTAATCG_AGCTTAAAAACAAACAATTTTTATAA
EvolvingFront_WGS_Plate3_E10,GTGCGAATATTAAAAAGCATTGTTCT_TATCGAAACCCAAAGAGATTTAATCG,GTGCGAATATTAAAAAGCATTGTTCT,TATCGAAACCCAAAGAGATTTAATCG,EVO3D_IRA1_MIS_rearray_Plate1-A10,TATCGAAACCCAAAGAGATTTAATCG_GTGCGAATATTAAAAAGCATTGTTCT,TATCGAAACCCAAAGAGATTTAATCG_GTGCGAATATTAAAAAGCATTGTTCT
EvolvingFront_WGS_Plate3_E11,GACGCAATTTGAAACCCAGTTGTATT_TATCGAAACCCAAAGAGATTTAATCG,GACGCAATTTGAAACCCAGTTGTATT,TATCGAAACCCAAAGAGATTTAATCG,EVO3D_IRA1_MIS_rearray_Plate1-A11,TATCGAAACCCAAAGAGATTTAATCG_GACGCAATTTGAAACCCAGTTGTATT,TATCGAAACCCAAAGAGATTTAATCG_GACGCAATTTGAAACCCAGTTGTATT
EvolvingFront_WGS_Plate3_E12,TCGGAAAATGTTAATGAGATTTAAAG_TATCGAAACCCAAAGAGATTTAATCG,TCGGAAAATGTTAATGAGATTTAAAG,TATCGAAACCCAAAGAGATTTAATCG,EVO3D_IRA1_MIS_rearray_Plate1-A12,TATCGAAACCCAAAGAGATTTAATCG_TCGGAAAATGTTAATGAGATTTAAAG,TATCGAAACCCAAAGAGATTTAATCG_TCGGAAAATGTTAATGAGATTTAAAG
EvolvingFront_WGS_Plate3_F01,TCGTCAAACTTGAAACTGATTAGCTT_TATCGAAACCCAAAGAGATTTAATCG,TCGTCAAACTTGAAACTGATTAGCTT,TATCGAAACCCAAAGAGATTTAATCG,EVO3D_IRA1_MIS_rearray_Plate1-B1,TATCGAAACCCAAAGAGATTTAATCG_TCGTCAAACTTGAAACTGATTAGCTT,TATCGAAACCCAAAGAGATTTAATCG_TCGTCAAACTTGAAACTGATTAGCTT
EvolvingFront_WGS_Plate3_F02,GCTTCAATAACCAAAGAGGTTAGCTC_TATCGAAACCCAAAGAGATTTAATCG,GCTTCAATAACCAAAGAGGTTAGCTC,TATCGAAACCCAAAGAGATTTAATCG,EVO3D_IRA1_MIS_rearray_Plate1-B2,TATCGAAACCCAAAGAGATTTAATCG_GCTTCAATAACCAAAGAGGTTAGCTC,TATCGAAACCCAAAGAGATTTAATCG_GCTTCAATAACCAAAGAGGTTAGCTC
EvolvingFront_WGS_Plate3_F03,GGGCGAACCGGAAAGGGGGTTAGACG_TATCGAAACCCAAAGAGATTTAATCG,GGGCGAACCGGAAAGGGGGTTAGACG,TATCGAAACCCAAAGAGATTTAATCG,EVO3D_IRA1_MIS_rearray_Plate1-B3,TATCGAAACCCAAAGAGATTTAATCG_GGGCGAACCGGAAAGGGGGTTAGACG,TATCGAAACCCAAAGAGATTTAATCG_GGGCGAACCGGAAAGGGGGTTAGACG
EvolvingFront_WGS_Plate3_F05,TTGCCAAGCTGGAAAGCTTTTTATGA_TATCGAAACCCAAAGAGATTTAATCG,TTGCCAAGCTGGAAAGCTTTTTATGA,TATCGAAACCCAAAGAGATTTAATCG,EVO3D_IRA1_MIS_rearray_Plate1-B6,TATCGAAACCCAAAGAGATTTAATCG_TTGCCAAGCTGGAAAGCTTTTTATGA,TATCGAAACCCAAAGAGATTTAATCG_TTGCCAAGCTGGAAAGCTTTTTATGA
EvolvingFront_WGS_Plate3_F06,GTTTAAACCATTAATTATATTAGATC_TATCGAAACCCAAAGAGATTTAATCG,GTTTAAACCATTAATTATATTAGATC,TATCGAAACCCAAAGAGATTTAATCG,EVO3D_IRA1_MIS_rearray_Plate1-B7,TATCGAAACCCAAAGAGATTTAATCG_GTTTAAACCATTAATTATATTAGATC,TATCGAAACCCAAAGAGATTTAATCG_GTTTAAACCATTAATTATATTAGATC
EvolvingFront_WGS_Plate3_F07,GTAGTAATTTATAAGGGTTTTCTGCA_TATCGAAACCCAAAGAGATTTAATCG,GTAGTAATTTATAAGGGTTTTCTGCA,TATCGAAACCCAAAGAGATTTAATCG,EVO3D_IRA1_MIS_rearray_Plate1-B8,TATCGAAACCCAAAGAGATTTAATCG_GTAGTAATTTATAAGGGTTTTCTGCA,TATCGAAACCCAAAGAGATTTAATCG_GTAGTAATTTATAAGGGTTTTCTGCA
EvolvingFront_WGS_Plate3_F08,GCTGGAATAATGAAACACTTTGATGG_TATCGAAACCCAAAGAGATTTAATCG,GCTGGAATAATGAAACACTTTGATGG,TATCGAAACCCAAAGAGATTTAATCG,EVO3D_IRA1_MIS_rearray_Plate1-B9,TATCGAAACCCAAAGAGATTTAATCG_GCTGGAATAATGAAACACTTTGATGG,TATCGAAACCCAAAGAGATTTAATCG_GCTGGAATAATGAAACACTTTGATGG
EvolvingFront_WGS_Plate3_F10,ATGTTAAAGATTAATGGACTTGATGG_TATCGAAACCCAAAGAGATTTAATCG,ATGTTAAAGATTAATGGACTTGATGG,TATCGAAACCCAAAGAGATTTAATCG,EVO3D_IRA1_MIS_rearray_Plate1-B11,TATCGAAACCCAAAGAGATTTAATCG_ATGTTAAAGATTAATGGACTTGATGG,TATCGAAACCCAAAGAGATTTAATCG_ATGTTAAAGATTAATGGACTTGATGG
EvolvingFront_WGS_Plate3_F11,CACGGAATTAAAAAGTGGATTATAGG_TATCGAAACCCAAAGAGATTTAATCG,CACGGAATTAAAAAGTGGATTATAGG,TATCGAAACCCAAAGAGATTTAATCG,EVO3D_IRA1_MIS_rearray_Plate1-B12,TATCGAAACCCAAAGAGATTTAATCG_CACGGAATTAAAAAGTGGATTATAGG,TATCGAAACCCAAAGAGATTTAATCG_CACGGAATTAAAAAGTGGATTATAGG
EvolvingFront_WGS_Plate3_F12,TATTAAAATAAGAATCCTATTTGATC_TATCGAAACCCAAAGAGATTTAATCG,TATTAAAATAAGAATCCTATTTGATC,TATCGAAACCCAAAGAGATTTAATCG,EVO3D_IRA1_MIS_rearray_Plate1-C1,TATCGAAACCCAAAGAGATTTAATCG_TATTAAAATAAGAATCCTATTTGATC,TATCGAAACCCAAAGAGATTTAATCG_TATTAAAATAAGAATCCTATTTGATC
EvolvingFront_WGS_Plate3_G01,AAGCTAAGAATGAACTGCCTTCTGCC_TATCGAAACCCAAAGAGATTTAATCG,AAGCTAAGAATGAACTGCCTTCTGCC,TATCGAAACCCAAAGAGATTTAATCG,EVO3D_IRA1_MIS_rearray_Plate1-C3,TATCGAAACCCAAAGAGATTTAATCG_AAGCTAAGAATGAACTGCCTTCTGCC,TATCGAAACCCAAAGAGATTTAATCG_AAGCTAAGAATGAACTGCCTTCTGCC
EvolvingFront_WGS_Plate3_G02,ATGACAAACTTTAAATAATTTAATTG_TATCGAAACCCAAAGAGATTTAATCG,ATGACAAACTTTAAATAATTTAATTG,TATCGAAACCCAAAGAGATTTAATCG,EVO3D_IRA1_MIS_rearray_Plate1-C4,TATCGAAACCCAAAGAGATTTAATCG_ATGACAAACTTTAAATAATTTAATTG,TATCGAAACCCAAAGAGATTTAATCG_ATGACAAACTTTAAATAATTTAATTG
EvolvingFront_WGS_Plate3_G05,TATCTAATATATAACTAAATTGCATA_TATCGAAACCCAAAGAGATTTAATCG,TATCTAATATATAACTAAATTGCATA,TATCGAAACCCAAAGAGATTTAATCG,EVO3D_IRA1_MIS_rearray_Plate1-C8,TATCGAAACCCAAAGAGATTTAATCG_TATCTAATATATAACTAAATTGCATA,TATCGAAACCCAAAGAGATTTAATCG_TATCTAATATATAACTAAATTGCATA
EvolvingFront_WGS_Plate3_G06,TTTTAAAAATGAAACAAAGTTTGGAG_TATCGAAACCCAAAGAGATTTAATCG,TTTTAAAAATGAAACAAAGTTTGGAG,TATCGAAACCCAAAGAGATTTAATCG,EVO3D_IRA1_MIS_rearray_Plate1-C9,TATCGAAACCCAAAGAGATTTAATCG_TTTTAAAAATGAAACAAAGTTTGGAG,TATCGAAACCCAAAGAGATTTAATCG_TTTTAAAAATGAAACAAAGTTTGGAG
EvolvingFront_WGS_Plate3_G07,AAAGTAAGTTAGAATGGGTTTCCTTT_ATCACAATAACTAAACTGATTCTTCA,AAAGTAAGTTAGAATGGGTTTCCTTT,ATCACAATAACTAAACTGATTCTTCA,EVO3D_IRA1_NON_rearray_Plate1-A1,ATCACAATAACTAAACTGATTCTTCA_AAAGTAAGTTAGAATGGGTTTCCTTT,ATCACAATAACTAAACTGATTCTTCA_AAAGTAAGTTAGAATGGGTTTCCTTT
EvolvingFront_WGS_Plate3_G09,CATCCAAAGTCAAAGCTTCTTCACTC_ATCACAATAACTAAACTGATTCTTCA,CATCCAAAGTCAAAGCTTCTTCACTC,ATCACAATAACTAAACTGATTCTTCA,EVO3D_IRA1_NON_rearray_Plate1-A8,ATCACAATAACTAAACTGATTCTTCA_CATCCAAAGTCAAAGCTTCTTCACTC,ATCACAATAACTAAACTGATTCTTCA_CATCCAAAGTCAAAGCTTCTTCACTC
EvolvingFront_WGS_Plate3_G10,CCCCTAAGACGGAAGGGGTTTGGAAG_ATCACAATAACTAAACTGATTCTTCA,CCCCTAAGACGGAAGGGGTTTGGAAG,ATCACAATAACTAAACTGATTCTTCA,EVO3D_IRA1_NON_rearray_Plate1-A9,ATCACAATAACTAAACTGATTCTTCA_CCCCTAAGACGGAAGGGGTTTGGAAG,ATCACAATAACTAAACTGATTCTTCA_CCCCTAAGACGGAAGGGGTTTGGAAG
EvolvingFront_WGS_Plate3_G11,GTTTTAAGTTAGAATGGCTTTGCTCG_ATCACAATAACTAAACTGATTCTTCA,GTTTTAAGTTAGAATGGCTTTGCTCG,ATCACAATAACTAAACTGATTCTTCA,EVO3D_IRA1_NON_rearray_Plate1-A10,ATCACAATAACTAAACTGATTCTTCA_GTTTTAAGTTAGAATGGCTTTGCTCG,ATCACAATAACTAAACTGATTCTTCA_GTTTTAAGTTAGAATGGCTTTGCTCG
EvolvingFront_WGS_Plate3_G12,AAAGTAAAGGTGAATTTATTTTAATA_ATCACAATAACTAAACTGATTCTTCA,AAAGTAAAGGTGAATTTATTTTAATA,ATCACAATAACTAAACTGATTCTTCA,EVO3D_IRA1_NON_rearray_Plate1-B3,ATCACAATAACTAAACTGATTCTTCA_AAAGTAAAGGTGAATTTATTTTAATA,ATCACAATAACTAAACTGATTCTTCA_AAAGTAAAGGTGAATTTATTTTAATA
EvolvingFront_WGS_Plate3_H01,CGCCCAATCTAAAAGGGCTTTCAGTG_ATCACAATAACTAAACTGATTCTTCA,CGCCCAATCTAAAAGGGCTTTCAGTG,ATCACAATAACTAAACTGATTCTTCA,EVO3D_IRA1_NON_rearray_Plate1-C5,ATCACAATAACTAAACTGATTCTTCA_CGCCCAATCTAAAAGGGCTTTCAGTG,ATCACAATAACTAAACTGATTCTTCA_CGCCCAATCTAAAAGGGCTTTCAGTG
EvolvingFront_WGS_Plate3_H02,GTCCTAATTGGGAATTGCCTTTTACT_ATCACAATAACTAAACTGATTCTTCA,GTCCTAATTGGGAATTGCCTTTTACT,ATCACAATAACTAAACTGATTCTTCA,EVO3D_IRA1_NON_rearray_Plate1-C8,ATCACAATAACTAAACTGATTCTTCA_GTCCTAATTGGGAATTGCCTTTTACT,ATCACAATAACTAAACTGATTCTTCA_GTCCTAATTGGGAATTGCCTTTTACT
EvolvingFront_WGS_Plate3_H03,ATATAAATATTGAAACCGTTTCGAGA_ATCACAATAACTAAACTGATTCTTCA,ATATAAATATTGAAACCGTTTCGAGA,ATCACAATAACTAAACTGATTCTTCA,EVO3D_IRA1_NON_rearray_Plate1-C10,ATCACAATAACTAAACTGATTCTTCA_ATATAAATATTGAAACCGTTTCGAGA,ATCACAATAACTAAACTGATTCTTCA_ATATAAATATTGAAACCGTTTCGAGA
EvolvingFront_WGS_Plate3_H05,TTTTAAAAAGTCAATAGAGTTTAAAGC_ATCACAATAACTAAACTGATTCTTCA,TTTTAAAAAGTCAATAGAGTTTAAAGC,ATCACAATAACTAAACTGATTCTTCA,EVO3D_IRA1_NON_rearray_Plate1-D3,ATCACAATAACTAAACTGATTCTTCA_TTTTAAAAAGTCAATAGAGTTTAAAGC,ATCACAATAACTAAACTGATTCTTCA_TTTTAAAAAGTCAATAGAGTTTAAAGC
EvolvingFront_WGS_Plate3_H07,ATTGTAACCAATAATTTCCTTGAAAG_ATCACAATAACTAAACTGATTCTTCA,ATTGTAACCAATAATTTCCTTGAAAG,ATCACAATAACTAAACTGATTCTTCA,EVO3D_IRA1_NON_rearray_Plate1-F1,ATCACAATAACTAAACTGATTCTTCA_ATTGTAACCAATAATTTCCTTGAAAG,ATCACAATAACTAAACTGATTCTTCA_ATTGTAACCAATAATTTCCTTGAAAG
EvolvingFront_WGS_Plate3_H08,CCTCAAATACGCAAACCACTTGTCGA_ATCACAATAACTAAACTGATTCTTCA,CCTCAAATACGCAAACCACTTGTCGA,ATCACAATAACTAAACTGATTCTTCA,EVO3D_IRA1_NON_rearray_Plate1-F6,ATCACAATAACTAAACTGATTCTTCA_CCTCAAATACGCAAACCACTTGTCGA,ATCACAATAACTAAACTGATTCTTCA_CCTCAAATACGCAAACCACTTGTCGA
EvolvingFront_WGS_Plate3_H09,CTCGTAAGGCGGAAGGGCCTTCGGAG_ATCACAATAACTAAACTGATTCTTCA,CTCGTAAGGCGGAAGGGCCTTCGGAG,ATCACAATAACTAAACTGATTCTTCA,EVO3D_IRA1_NON_rearray_Plate1-F9,ATCACAATAACTAAACTGATTCTTCA_CTCGTAAGGCGGAAGGGCCTTCGGAG,ATCACAATAACTAAACTGATTCTTCA_CTCGTAAGGCGGAAGGGCCTTCGGAG
EvolvingFront_WGS_Plate3_H10,CTCTCAATGTGGAAGTATATTGCTAC_ATCACAATAACTAAACTGATTCTTCA,CTCTCAATGTGGAAGTATATTGCTAC,ATCACAATAACTAAACTGATTCTTCA,EVO3D_IRA1_NON_rearray_Plate1-G2,ATCACAATAACTAAACTGATTCTTCA_CTCTCAATGTGGAAGTATATTGCTAC,ATCACAATAACTAAACTGATTCTTCA_CTCTCAATGTGGAAGTATATTGCTAC
EvolvingFront_WGS_Plate3_H11,GTAACAAATCGGAAGTCGCTTCGACC_ATCACAATAACTAAACTGATTCTTCA,GTAACAAATCGGAAGTCGCTTCGACC,ATCACAATAACTAAACTGATTCTTCA,EVO3D_IRA1_NON_rearray_Plate1-G3,ATCACAATAACTAAACTGATTCTTCA_GTAACAAATCGGAAGTCGCTTCGACC,ATCACAATAACTAAACTGATTCTTCA_GTAACAAATCGGAAGTCGCTTCGACC
EvolvingFront_WGS_Plate3_H12,ACTGCAAGGAGGAACGGGTTTCGCCG_ATCACAATAACTAAACTGATTCTTCA,ACTGCAAGGAGGAACGGGTTTCGCCG,ATCACAATAACTAAACTGATTCTTCA,EVO3D_IRA1_NON_rearray_Plate1-G5,ATCACAATAACTAAACTGATTCTTCA_ACTGCAAGGAGGAACGGGTTTCGCCG,ATCACAATAACTAAACTGATTCTTCA_ACTGCAAGGAGGAACGGGTTTCGCCG
EvolvingFront_WGS_Plate4_A01,GGAATAACCGCCAATGTACTTATCTC_ATCACAATAACTAAACTGATTCTTCA,GGAATAACCGCCAATGTACTTATCTC,ATCACAATAACTAAACTGATTCTTCA,EVO3D_IRA1_NON_rearray_Plate1-G6,ATCACAATAACTAAACTGATTCTTCA_GGAATAACCGCCAATGTACTTATCTC,ATCACAATAACTAAACTGATTCTTCA_GGAATAACCGCCAATGTACTTATCTC
EvolvingFront_WGS_Plate4_A02,AACGCAAAACCGAAACGCGTTGCGTC_ATCACAATAACTAAACTGATTCTTCA,AACGCAAAACCGAAACGCGTTGCGTC,ATCACAATAACTAAACTGATTCTTCA,EVO3D_IRA1_NON_rearray_Plate1-G7,ATCACAATAACTAAACTGATTCTTCA_AACGCAAAACCGAAACGCGTTGCGTC,ATCACAATAACTAAACTGATTCTTCA_AACGCAAAACCGAAACGCGTTGCGTC
EvolvingFront_WGS_Plate4_A03,GTGGGAATACTTAAATGTTTTGCGCG_ATCACAATAACTAAACTGATTCTTCA,GTGGGAATACTTAAATGTTTTGCGCG,ATCACAATAACTAAACTGATTCTTCA,EVO3D_IRA1_NON_rearray_Plate1-G9,ATCACAATAACTAAACTGATTCTTCA_GTGGGAATACTTAAATGTTTTGCGCG,ATCACAATAACTAAACTGATTCTTCA_GTGGGAATACTTAAATGTTTTGCGCG
EvolvingFront_WGS_Plate4_A04,CGAGAAAAAATCAAAGGCCTTGGCAC_ATCACAATAACTAAACTGATTCTTCA,CGAGAAAAAATCAAAGGCCTTGGCAC,ATCACAATAACTAAACTGATTCTTCA,EVO3D_IRA1_NON_rearray_Plate2-A5,ATCACAATAACTAAACTGATTCTTCA_CGAGAAAAAATCAAAGGCCTTGGCAC,ATCACAATAACTAAACTGATTCTTCA_CGAGAAAAAATCAAAGGCCTTGGCAC
EvolvingFront_WGS_Plate4_A05,ATGCAAAATTAGAATGGTTTTTAACA_ATCACAATAACTAAACTGATTCTTCA,ATGCAAAATTAGAATGGTTTTTAACA,ATCACAATAACTAAACTGATTCTTCA,EVO3D_IRA1_NON_rearray_Plate2-A8,ATCACAATAACTAAACTGATTCTTCA_ATGCAAAATTAGAATGGTTTTTAACA,ATCACAATAACTAAACTGATTCTTCA_ATGCAAAATTAGAATGGTTTTTAACA
EvolvingFront_WGS_Plate4_A06,GTTCAAAGCGTCAAGGATATTTAGAT_ATCACAATAACTAAACTGATTCTTCA,GTTCAAAGCGTCAAGGATATTTAGAT,ATCACAATAACTAAACTGATTCTTCA,EVO3D_IRA1_NON_rearray_Plate2-A11,ATCACAATAACTAAACTGATTCTTCA_GTTCAAAGCGTCAAGGATATTTAGAT,ATCACAATAACTAAACTGATTCTTCA_GTTCAAAGCGTCAAGGATATTTAGAT
EvolvingFront_WGS_Plate4_A07,ATCGGAAACTGAAAGGTGGTTCATAA_ATCACAATAACTAAACTGATTCTTCA,ATCGGAAACTGAAAGGTGGTTCATAA,ATCACAATAACTAAACTGATTCTTCA,EVO3D_IRA1_NON_rearray_Plate2-B2,ATCACAATAACTAAACTGATTCTTCA_ATCGGAAACTGAAAGGTGGTTCATAA,ATCACAATAACTAAACTGATTCTTCA_ATCGGAAACTGAAAGGTGGTTCATAA
EvolvingFront_WGS_Plate4_A08,CTTCTAAACCCCAACAATTTTCTGTG_ATCACAATAACTAAACTGATTCTTCA,CTTCTAAACCCCAACAATTTTCTGTG,ATCACAATAACTAAACTGATTCTTCA,EVO3D_IRA1_NON_rearray_Plate2-B4,ATCACAATAACTAAACTGATTCTTCA_CTTCTAAACCCCAACAATTTTCTGTG,ATCACAATAACTAAACTGATTCTTCA_CTTCTAAACCCCAACAATTTTCTGTG
EvolvingFront_WGS_Plate4_A09,TGTTAAATCAGTAATATCATTTAATC_ATCACAATAACTAAACTGATTCTTCA,TGTTAAATCAGTAATATCATTTAATC,ATCACAATAACTAAACTGATTCTTCA,EVO3D_IRA1_NON_rearray_Plate2-B6,ATCACAATAACTAAACTGATTCTTCA_TGTTAAATCAGTAATATCATTTAATC,ATCACAATAACTAAACTGATTCTTCA_TGTTAAATCAGTAATATCATTTAATC
EvolvingFront_WGS_Plate4_A11,CTAAGAAAAATTAATCTCATTATTGC_ATCACAATAACTAAACTGATTCTTCA,CTAAGAAAAATTAATCTCATTATTGC,ATCACAATAACTAAACTGATTCTTCA,EVO3D_IRA1_NON_rearray_Plate2-B10,ATCACAATAACTAAACTGATTCTTCA_CTAAGAAAAATTAATCTCATTATTGC,ATCACAATAACTAAACTGATTCTTCA_CTAAGAAAAATTAATCTCATTATTGC
EvolvingFront_WGS_Plate4_A12,TTTTCAAAGCTCAAGCATATTTACGA_ATCACAATAACTAAACTGATTCTTCA,TTTTCAAAGCTCAAGCATATTTACGA,ATCACAATAACTAAACTGATTCTTCA,EVO3D_IRA1_NON_rearray_Plate2-C6,ATCACAATAACTAAACTGATTCTTCA_TTTTCAAAGCTCAAGCATATTTACGA,ATCACAATAACTAAACTGATTCTTCA_TTTTCAAAGCTCAAGCATATTTACGA
EvolvingFront_WGS_Plate4_B01,GTCGTAAAGTGGAAGCATTTTGATGA_ATCACAATAACTAAACTGATTCTTCA,GTCGTAAAGTGGAAGCATTTTGATGA,ATCACAATAACTAAACTGATTCTTCA,EVO3D_IRA1_NON_rearray_Plate2-C8,ATCACAATAACTAAACTGATTCTTCA_GTCGTAAAGTGGAAGCATTTTGATGA,ATCACAATAACTAAACTGATTCTTCA_GTCGTAAAGTGGAAGCATTTTGATGA
EvolvingFront_WGS_Plate4_B02,GAATTAATTAGAAAGGGGATTAAGCG_ATCACAATAACTAAACTGATTCTTCA,GAATTAATTAGAAAGGGGATTAAGCG,ATCACAATAACTAAACTGATTCTTCA,EVO3D_IRA1_NON_rearray_Plate2-C12,ATCACAATAACTAAACTGATTCTTCA_CTCATAACATCAAAAAAAATTCAAAT,ATCACAATAACTAAACTGATTCTTCA_GAATTAATTAGAAAGGGGATTAAGCG
EvolvingFront_WGS_Plate4_B03,TTTTAAATGACTAAGTAAATTCTCCT_ATCACAATAACTAAACTGATTCTTCA,TTTTAAATGACTAAGTAAATTCTCCT,ATCACAATAACTAAACTGATTCTTCA,EVO3D_IRA1_NON_rearray_Plate2-D8,ATCACAATAACTAAACTGATTCTTCA_TAGTAAATCTCGAAAAAATTTACAAT,ATCACAATAACTAAACTGATTCTTCA_TTTTAAATGACTAAGTAAATTCTCCT
EvolvingFront_WGS_Plate4_B04,TTGCTAAATACATAAATCGCTTGGCTT_ATCACAATAACTAAACTGATTCTTCA,TTGCTAAATACATAAATCGCTTGGCTT,ATCACAATAACTAAACTGATTCTTCA,EVO3D_IRA1_NON_rearray_Plate2-F8,ATCACAATAACTAAACTGATTCTTCA_TTGCTAAATACATAAATCGCTTGGCTT,ATCACAATAACTAAACTGATTCTTCA_TTGCTAAATACATAAATCGCTTGGCTT
EvolvingFront_WGS_Plate4_B05,ATGGGAACACGGAATGATCTTTTATT_GACAGAAAAGCCAAATGGATTTACCG,ATGGGAACACGGAATGATCTTTTATT,GACAGAAAAGCCAAATGGATTTACCG,EVO3D_TCG_rearray_Plate1-A4,GACAGAAAAGCCAAATGGATTTACCG_ATGGGAACACGGAATGATCTTTTATT,GACAGAAAAGCCAAATGGATTTACCG_ATGGGAACACGGAATGATCTTTTATT
EvolvingFront_WGS_Plate4_B06,TCGACAAATTGTAAGCATATTGTCAC_CCAACAAAAGGAAACGTATTTATTGA,TCGACAAATTGTAAGCATATTGTCAC,CCAACAAAAGGAAACGTATTTATTGA,EVO3D_TCG_rearray_Plate1-A6,CCAACAAAAGGAAACGTATTTATTGA_TCGACAAATTGTAAGCATATTGTCAC,CCAACAAAAGGAAACGTATTTATTGA_TCGACAAATTGTAAGCATATTGTCAC
EvolvingFront_WGS_Plate4_B07,_,,,EVO3D_TCG_rearray_Plate1-A8,CAGAAAAGCCATAACGCTATTTGAAA_ATGGTAACAGGAAAATTTTTTCGATA,_
EvolvingFront_WGS_Plate4_B08,TCCCAAACAAGAAACAATATTGGCAA_CCGCCAATCCCGAACCCCGTTTCGCC,TCCCAAACAAGAAACAATATTGGCAA,CCGCCAATCCCGAACCCCGTTTCGCC,EVO3D_TCG_rearray_Plate1-A9,CCGCCAATCCCGAACCCCGTTTCGCC_TCCCAAACAAGAAACAATATTGGCAA,CCGCCAATCCCGAACCCCGTTTCGCC_TCCCAAACAAGAAACAATATTGGCAA
EvolvingFront_WGS_Plate4_B09,GTACAAACCTCTAAAGTTATTAATGG_GACAGAAAAGCCAAATGGATTTACCG,GTACAAACCTCTAAAGTTATTAATGG,GACAGAAAAGCCAAATGGATTTACCG,EVO3D_TCG_rearray_Plate1-A10,GACAGAAAAGCCAAATGGATTTACCG_GTACAAACCTCTAAAGTTATTAATGG,GACAGAAAAGCCAAATGGATTTACCG_GTACAAACCTCTAAAGTTATTAATGG
EvolvingFront_WGS_Plate4_B10,GACAAAACTAATAATTAATTTGCATA_CCGCCAATCCCGAACCCCGTTTCGCC,GACAAAACTAATAATTAATTTGCATA,CCGCCAATCCCGAACCCCGTTTCGCC,EVO3D_TCG_rearray_Plate1-B1,CCGCCAATCCCGAACCCCGTTTCGCC_GACAAAACTAATAATTAATTTGCATA,CCGCCAATCCCGAACCCCGTTTCGCC_GACAAAACTAATAATTAATTTGCATA
EvolvingFront_WGS_Plate4_B11,AATAAAACCGACAATTTCTTTTATAT_GACAGAAAAGCCAAATGGATTTACCG,AATAAAACCGACAATTTCTTTTATAT,GACAGAAAAGCCAAATGGATTTACCG,EVO3D_TCG_rearray_Plate1-B6,GACAGAAAAGCCAAATGGATTTACCG_AATAAAACCGACAATTTCTTTTATAT,GACAGAAAAGCCAAATGGATTTACCG_AATAAAACCGACAATTTCTTTTATAT
EvolvingFront_WGS_Plate4_B12,GTAGCAAGATCGAAGATGTTTAGATA_CAGAAAAGCCATAACGCTATTTGAAA,GTAGCAAGATCGAAGATGTTTAGATA,CAGAAAAGCCATAACGCTATTTGAAA,EVO3D_TCG_rearray_Plate1-B7,CAGAAAAGCCATAACGCTATTTGAAA_GTAGCAAGATCGAAGATGTTTAGATA,CAGAAAAGCCATAACGCTATTTGAAA_GTAGCAAGATCGAAGATGTTTAGATA
EvolvingFront_WGS_Plate4_C01,TATGAAACCGCGAACAACTTTGTGTA_GACAGAAAAGCCAAATGGATTTACCG,TATGAAACCGCGAACAACTTTGTGTA,GACAGAAAAGCCAAATGGATTTACCG,EVO3D_TCG_rearray_Plate1-B8,GACAGAAAAGCCAAATGGATTTACCG_TATGAAACCGCGAACAACTTTGTGTA,GACAGAAAAGCCAAATGGATTTACCG_TATGAAACCGCGAACAACTTTGTGTA
EvolvingFront_WGS_Plate4_C02,CTTTAAACCGTCAATTGGGTTTCAAT_AGAACAAAAACTAAACTCATTCATGG,CTTTAAACCGTCAATTGGGTTTCAAT,AGAACAAAAACTAAACTCATTCATGG,EVO3D_TCG_rearray_Plate1-B10,AGAACAAAAACTAAACTCATTCATGG_CTTTAAACCGTCAATTGGGTTTCAAT,AGAACAAAAACTAAACTCATTCATGG_CTTTAAACCGTCAATTGGGTTTCAAT
EvolvingFront_WGS_Plate4_C03,_,,,EVO3D_TCG_rearray_Plate1-C2,CCAACAAAAGGAAACGTATTTATTGA_CATATAACTTTCAAGCAGATTATGAC,_
EvolvingFront_WGS_Plate4_C04,ATATAAACCGTAAAACTCGTTGTAGT_TTAAAAATACAAAAAAAGATTTAAGG,ATATAAACCGTAAAACTCGTTGTAGT,TTAAAAATACAAAAAAAGATTTAAGG,EVO3D_TCG_rearray_Plate1-C3,TTAAAAATACAAAAAAAGATTTAAGG_ATATAAACCGTAAAACTCGTTGTAGT,TTAAAAATACAAAAAAAGATTTAAGG_ATATAAACCGTAAAACTCGTTGTAGT
EvolvingFront_WGS_Plate4_C05,CTTTGAAAAGATAAATTTATTGCTAC_CCAACAAAAGGAAACGTATTTATTGA,CTTTGAAAAGATAAATTTATTGCTAC,CCAACAAAAGGAAACGTATTTATTGA,EVO3D_TCG_rearray_Plate1-C4,CCAACAAAAGGAAACGTATTTATTGA_CTTTGAAAAGATAAATTTATTGCTAC,CCAACAAAAGGAAACGTATTTATTGA_CTTTGAAAAGATAAATTTATTGCTAC
EvolvingFront_WGS_Plate4_C06,ACGAAAACATTGAAGATTATTGTTTT_GACAGAAAAGCCAAATGGATTTACCG,ACGAAAACATTGAAGATTATTGTTTT,GACAGAAAAGCCAAATGGATTTACCG,EVO3D_TCG_rearray_Plate1-C5,GACAGAAAAGCCAAATGGATTTACCG_ACGAAAACATTGAAGATTATTGTTTT,GACAGAAAAGCCAAATGGATTTACCG_ACGAAAACATTGAAGATTATTGTTTT
EvolvingFront_WGS_Plate4_C07,ATGTTAACAAGAAAGACCTTTCTAAG_CCGCCAATCCCGAACCCCGTTTCGCC,ATGTTAACAAGAAAGACCTTTCTAAG,CCGCCAATCCCGAACCCCGTTTCGCC,EVO3D_TCG_rearray_Plate1-C7,CCGCCAATCCCGAACCCCGTTTCGCC_ATGTTAACAAGAAAGACCTTTCTAAG,CCGCCAATCCCGAACCCCGTTTCGCC_ATGTTAACAAGAAAGACCTTTCTAAG
EvolvingFront_WGS_Plate4_C08,_,,,EVO3D_TCG_rearray_Plate1-C8,ACTTAAAAAGCAAACATGATTATTCA_TTCCAAATGCTCAATCCAATTGCCTA,_
EvolvingFront_WGS_Plate4_C09,AAAAGAATCTAGAACTGAATTAGTTG_CCAACAAAAGGAAACGTATTTATTGA,AAAAGAATCTAGAACTGAATTAGTTG,CCAACAAAAGGAAACGTATTTATTGA,EVO3D_TCG_rearray_Plate1-C11,CCAACAAAAGGAAACGTATTTATTGA_AAAAGAATCTAGAACTGAATTAGTTG,CCAACAAAAGGAAACGTATTTATTGA_AAAAGAATCTAGAACTGAATTAGTTG
EvolvingFront_WGS_Plate4_C10,ATTGGAATAAGGAACTTGGTTACCTA_AGAACAAAAACTAAACTCATTCATGG,ATTGGAATAAGGAACTTGGTTACCTA,AGAACAAAAACTAAACTCATTCATGG,EVO3D_TCG_rearray_Plate1-C12,AGAACAAAAACTAAACTCATTCATGG_ATTGGAATAAGGAACTTGGTTACCTA,AGAACAAAAACTAAACTCATTCATGG_ATTGGAATAAGGAACTTGGTTACCTA
EvolvingFront_WGS_Plate4_C11,TGTCAAAATATGAACAGTTTTTACCG_CCGCCAATCCCGAACCCCGTTTCGCC,TGTCAAAATATGAACAGTTTTTACCG,CCGCCAATCCCGAACCCCGTTTCGCC,EVO3D_TCG_rearray_Plate1-D1,CCGCCAATCCCGAACCCCGTTTCGCC_TGTCAAAATATGAACAGTTTTTACCG,CCGCCAATCCCGAACCCCGTTTCGCC_TGTCAAAATATGAACAGTTTTTACCG
EvolvingFront_WGS_Plate4_C12,CTTCAAATTATGAAATCGATTATATG_GACAGAAAAGCCAAATGGATTTACCG,CTTCAAATTATGAAATCGATTATATG,GACAGAAAAGCCAAATGGATTTACCG,EVO3D_TCG_rearray_Plate1-D8,GACAGAAAAGCCAAATGGATTTACCG_CTTCAAATTATGAAATCGATTATATG,GACAGAAAAGCCAAATGGATTTACCG_CTTCAAATTATGAAATCGATTATATG
EvolvingFront_WGS_Plate4_D01,AACTCAAAAGCAAATGAGCTTGCGGT_CTAGAAATCTCAAAAACTTTTGGCTG,AACTCAAAAGCAAATGAGCTTGCGGT,CTAGAAATCTCAAAAACTTTTGGCTG,EVO3D_TCG_rearray_Plate1-D11,CTAGAAATCTCAAAAACTTTTGGCTG_AACTCAAAAGCAAATGAGCTTGCGGT,CTAGAAATCTCAAAAACTTTTGGCTG_AACTCAAAAGCAAATGAGCTTGCGGT
EvolvingFront_WGS_Plate4_D02,AGGTTAAAAGGAAAGAATATTAAGGC_GACAGAAAAGCCAAATGGATTTACCG,AGGTTAAAAGGAAAGAATATTAAGGC,GACAGAAAAGCCAAATGGATTTACCG,EVO3D_TCG_rearray_Plate1-E1,GACAGAAAAGCCAAATGGATTTACCG_AGGTTAAAAGGAAAGAATATTAAGGC,GACAGAAAAGCCAAATGGATTTACCG_AGGTTAAAAGGAAAGAATATTAAGGC
EvolvingFront_WGS_Plate4_D03,CCCACAAACCGGAATTGTATTAACTA_GACAGAAAAGCCAAATGGATTTACCG,CCCACAAACCGGAATTGTATTAACTA,GACAGAAAAGCCAAATGGATTTACCG,EVO3D_TCG_rearray_Plate1-E2,GACAGAAAAGCCAAATGGATTTACCG_CCCACAAACCGGAATTGTATTAACTA,GACAGAAAAGCCAAATGGATTTACCG_CCCACAAACCGGAATTGTATTAACTA
EvolvingFront_WGS_Plate4_D04,CTATTAAAAGGTAATACGTTTATATA_CTAGAAATCTCAAAAACTTTTGGCTG,CTATTAAAAGGTAATACGTTTATATA,CTAGAAATCTCAAAAACTTTTGGCTG,EVO3D_TCG_rearray_Plate1-E5,CTAGAAATCTCAAAAACTTTTGGCTG_CTATTAAAAGGTAATACGTTTATATA,CTAGAAATCTCAAAAACTTTTGGCTG_CTATTAAAAGGTAATACGTTTATATA
EvolvingFront_WGS_Plate4_D05,TGCACAATATAAAATTCGATTTGTCG_CCGCCAATCCCGAACCCCGTTTCGCC,TGCACAATATAAAATTCGATTTGTCG,CCGCCAATCCCGAACCCCGTTTCGCC,EVO3D_TCG_rearray_Plate1-E6,CCGCCAATCCCGAACCCCGTTTCGCC_TGCACAATATAAAATTCGATTTGTCG,CCGCCAATCCCGAACCCCGTTTCGCC_TGCACAATATAAAATTCGATTTGTCG
EvolvingFront_WGS_Plate4_D06,CCTAGAAGAGGGAAGGTGGTTGCGTA_GACAGAAAAGCCAAATGGATTTACCG,CCTAGAAGAGGGAAGGTGGTTGCGTA,GACAGAAAAGCCAAATGGATTTACCG,EVO3D_TCG_rearray_Plate1-E7,GACAGAAAAGCCAAATGGATTTACCG_CCTAGAAGAGGGAAGGTGGTTGCGTA,GACAGAAAAGCCAAATGGATTTACCG_CCTAGAAGAGGGAAGGTGGTTGCGTA
EvolvingFront_WGS_Plate4_D07,CGCTTAAAGCCCAAGAATCTTCGCAT_AGAACAAAAACTAAACTCATTCATGG,CGCTTAAAGCCCAAGAATCTTCGCAT,AGAACAAAAACTAAACTCATTCATGG,EVO3D_TCG_rearray_Plate1-E8,AGAACAAAAACTAAACTCATTCATGG_CGCTTAAAGCCCAAGAATCTTCGCAT,AGAACAAAAACTAAACTCATTCATGG_CGCTTAAAGCCCAAGAATCTTCGCAT
EvolvingFront_WGS_Plate4_D08,GGGGAAAGTCTTAATTAGGTTGTGTA_GACAGAAAAGCCAAATGGATTTACCG,GGGGAAAGTCTTAATTAGGTTGTGTA,GACAGAAAAGCCAAATGGATTTACCG,EVO3D_TCG_rearray_Plate1-F1,GACAGAAAAGCCAAATGGATTTACCG_GGGGAAAGTCTTAATTAGGTTGTGTA,GACAGAAAAGCCAAATGGATTTACCG_GGGGAAAGTCTTAATTAGGTTGTGTA
EvolvingFront_WGS_Plate4_D09,CGTTAAAAACGTAAGTCCATTACCAT_CCAACAAAAGGAAACGTATTTATTGA,CGTTAAAAACGTAAGTCCATTACCAT,CCAACAAAAGGAAACGTATTTATTGA,EVO3D_TCG_rearray_Plate1-F3,CCAACAAAAGGAAACGTATTTATTGA_CGTTAAAAACGTAAGTCCATTACCAT,CCAACAAAAGGAAACGTATTTATTGA_CGTTAAAAACGTAAGTCCATTACCAT
EvolvingFront_WGS_Plate4_D10,GAAAAAAAAGGTAAATTGATTAGGTT_GTATTAAAATTAAAAATAATTGCACA,GAAAAAAAAGGTAAATTGATTAGGTT,GTATTAAAATTAAAAATAATTGCACA,EVO3D_TCG_rearray_Plate1-F4,GTATTAAAATTAAAAATAATTGCACA_GAAAAAAAAGGTAAATTGATTAGGTT,GTATTAAAATTAAAAATAATTGCACA_GAAAAAAAAGGTAAATTGATTAGGTT
EvolvingFront_WGS_Plate4_D11,CTCTGAATATGAAATTGGGTTTGGCA_CCAACAAAAGGAAACGTATTTATTGA,CTCTGAATATGAAATTGGGTTTGGCA,CCAACAAAAGGAAACGTATTTATTGA,EVO3D_TCG_rearray_Plate1-F6,CCAACAAAAGGAAACGTATTTATTGA_CTCTGAATATGAAATTGGGTTTGGCA,CCAACAAAAGGAAACGTATTTATTGA_CTCTGAATATGAAATTGGGTTTGGCA
EvolvingFront_WGS_Plate4_D12,CCCGGAAATCTTAACTCCGTTACTTG_GACAGAAAAGCCAAATGGATTTACCG,CCCGGAAATCTTAACTCCGTTACTTG,GACAGAAAAGCCAAATGGATTTACCG,EVO3D_TCG_rearray_Plate1-F7,GACAGAAAAGCCAAATGGATTTACCG_CCCGGAAATCTTAACTCCGTTACTTG,GACAGAAAAGCCAAATGGATTTACCG_CCCGGAAATCTTAACTCCGTTACTTG
EvolvingFront_WGS_Plate4_E01,GCAGTAACAGAGAATTTATTTAAATC_CCGCCAATCCCGAACCCCGTTTCGCC,GCAGTAACAGAGAATTTATTTAAATC,CCGCCAATCCCGAACCCCGTTTCGCC,EVO3D_TCG_rearray_Plate1-F8,CCGCCAATCCCGAACCCCGTTTCGCC_GCAGTAACAGAGAATTTATTTAAATC,CCGCCAATCCCGAACCCCGTTTCGCC_GCAGTAACAGAGAATTTATTTAAATC
EvolvingFront_WGS_Plate4_E02,_,,,EVO3D_TCG_rearray_Plate1-F9,CCGCCAATCCCGAACCCCGTTTCGCC_CTGCCAATTAACAAGAGAATTGTTAT,_
EvolvingFront_WGS_Plate4_E03,CATTCAAACACTAATCGCTTTATTGA_CCGCCAATCCCGAACCCCGTTTCGCC,CATTCAAACACTAATCGCTTTATTGA,CCGCCAATCCCGAACCCCGTTTCGCC,EVO3D_TCG_rearray_Plate1-F10,CCGCCAATCCCGAACCCCGTTTCGCC_CATTCAAACACTAATCGCTTTATTGA,CCGCCAATCCCGAACCCCGTTTCGCC_CATTCAAACACTAATCGCTTTATTGA
EvolvingFront_WGS_Plate4_E04,CTCCTAAATGTGAAAATAATTCGTGG_GACAGAAAAGCCAAATGGATTTACCG,CTCCTAAATGTGAAAATAATTCGTGG,GACAGAAAAGCCAAATGGATTTACCG,EVO3D_TCG_rearray_Plate1-G1,GACAGAAAAGCCAAATGGATTTACCG_CTCCTAAATGTGAAAATAATTCGTGG,GACAGAAAAGCCAAATGGATTTACCG_CTCCTAAATGTGAAAATAATTCGTGG
EvolvingFront_WGS_Plate4_E05,TCTCAAATCTCGAAATGTATTGACAA_GACAGAAAAGCCAAATGGATTTACCG,TCTCAAATCTCGAAATGTATTGACAA,GACAGAAAAGCCAAATGGATTTACCG,EVO3D_TCG_rearray_Plate1-G6,GACAGAAAAGCCAAATGGATTTACCG_TCTCAAATCTCGAAATGTATTGACAA,GACAGAAAAGCCAAATGGATTTACCG_TCTCAAATCTCGAAATGTATTGACAA
EvolvingFront_WGS_Plate4_E06,CGACTAATTAGAAATTATCTTGTGTC_ATCAGAAGTTCGAATCAAATTACGAA,CGACTAATTAGAAATTATCTTGTGTC,ATCAGAAGTTCGAATCAAATTACGAA,EVO3D_TCG_rearray_Plate1-G7,ATCAGAAGTTCGAATCAAATTACGAA_CGACTAATTAGAAATTATCTTGTGTC,ATCAGAAGTTCGAATCAAATTACGAA_CGACTAATTAGAAATTATCTTGTGTC
EvolvingFront_WGS_Plate4_E07,TCTCGAATAGATAATAATTTTATATA_AGAACAAAAACTAAACTCATTCATGG,TCTCGAATAGATAATAATTTTATATA,AGAACAAAAACTAAACTCATTCATGG,EVO3D_TCG_rearray_Plate1-G9,AGAACAAAAACTAAACTCATTCATGG_TCTCGAATAGATAATAATTTTATATA,AGAACAAAAACTAAACTCATTCATGG_TCTCGAATAGATAATAATTTTATATA
EvolvingFront_WGS_Plate4_E08,CCCCTAATTGATAAAGTACTTCAAGG_CCAACAAAAGGAAACGTATTTATTGA,CCCCTAATTGATAAAGTACTTCAAGG,CCAACAAAAGGAAACGTATTTATTGA,EVO3D_TCG_rearray_Plate1-H2,CCAACAAAAGGAAACGTATTTATTGA_CCCCTAATTGATAAAGTACTTCAAGG,CCAACAAAAGGAAACGTATTTATTGA_CCCCTAATTGATAAAGTACTTCAAGG
EvolvingFront_WGS_Plate4_E09,GAGAAAAGTGACAAGAATTTTGGGAA_CCGCCAATCCCGAACCCCGTTTCGCC,GAGAAAAGTGACAAGAATTTTGGGAA,CCGCCAATCCCGAACCCCGTTTCGCC,EVO3D_TCG_rearray_Plate1-H6,CCGCCAATCCCGAACCCCGTTTCGCC_GAGAAAAGTGACAAGAATTTTGGGAA,CCGCCAATCCCGAACCCCGTTTCGCC_GAGAAAAGTGACAAGAATTTTGGGAA
EvolvingFront_WGS_Plate4_E10,CTCATAACATAGAAGATGCTTCGCAG_GACAGAAAAGCCAAATGGATTTACCG,CTCATAACATAGAAGATGCTTCGCAG,GACAGAAAAGCCAAATGGATTTACCG,EVO3D_TCG_rearray_Plate1-H7,GACAGAAAAGCCAAATGGATTTACCG_CTCATAACATAGAAGATGCTTCGCAG,GACAGAAAAGCCAAATGGATTTACCG_CTCATAACATAGAAGATGCTTCGCAG
EvolvingFront_WGS_Plate4_E11,TATGCAAGACACAACATGCTTTTAAT_CCGCCAATCCCGAACCCCGTTTCGCC,TATGCAAGACACAACATGCTTTTAAT,CCGCCAATCCCGAACCCCGTTTCGCC,EVO3D_TCG_rearray_Plate1-G11,CCGCCAATCCCGAACCCCGTTTCGCC_TATGCAAGACACAACATGCTTTTAAT,CCGCCAATCCCGAACCCCGTTTCGCC_TATGCAAGACACAACATGCTTTTAAT
EvolvingFront_WGS_Plate4_E12,AGCATAATAGCTAAGAGTATTTACTA_GACAGAAAAGCCAAATGGATTTACCG,AGCATAATAGCTAAGAGTATTTACTA,GACAGAAAAGCCAAATGGATTTACCG,EVO3D_TCG_rearray_Plate1-G12,GACAGAAAAGCCAAATGGATTTACCG_AGCATAATAGCTAAGAGTATTTACTA,GACAGAAAAGCCAAATGGATTTACCG_AGCATAATAGCTAAGAGTATTTACTA
EvolvingFront_WGS_Plate1_A01,ATGTAAAATTGTAAGAATTTTATTAT_CATAAAAAGACTAATCTTATTAATGC,ATGTAAAATTGTAAGAATTTTATTAT,CATAAAAAGACTAATCTTATTAATGC,EVO1D_IRAs_rearray_Plate1-A4,CATAAAAAGACTAATCTTATTAATGC_ATGTAAAATTGTAAGAATTTTATTAT,CATAAAAAGACTAATCTTATTAATGC_ATGTAAAATTGTAAGAATTTTATTAT
EvolvingFront_WGS_Plate1_A02,TAATAAATATGGAACACTGTTATAGT_GAAATAAACCACAACGACATTCTAAT,TAATAAATATGGAACACTGTTATAGT,GAAATAAACCACAACGACATTCTAAT,EVO1D_IRAs_rearray_Plate1-B6,GAAATAAACCACAACGACATTCTAAT_TAATAAATATGGAACACTGTTATAGT,GAAATAAACCACAACGACATTCTAAT_TAATAAATATGGAACACTGTTATAGT
EvolvingFront_WGS_Plate1_A03,_,,,EVO1D_IRAs_rearray_Plate1-B12,CATAAAAAGACTAATCTTATTAATGC_ACGAAAATAGTTAATTAGGTTCAATA,_
EvolvingFront_WGS_Plate1_A05,TATTTAACATCGAAACAACTTGTTGA_GAAATAAACCACAACGACATTCTAAT,TATTTAACATCGAAACAACTTGTTGA,GAAATAAACCACAACGACATTCTAAT,EVO1D_IRAs_rearray_Plate1-C6,GAAATAAACCACAACGACATTCTAAT_TATTTAACATCGAAACAACTTGTTGA,GAAATAAACCACAACGACATTCTAAT_TATTTAACATCGAAACAACTTGTTGA
EvolvingFront_WGS_Plate1_A06,TATTTAAACATAAAGGGAATTGCTTG_GAAATAAACCACAACGACATTCTAAT,TATTTAAACATAAAGGGAATTGCTTG,GAAATAAACCACAACGACATTCTAAT,EVO1D_IRAs_rearray_Plate1-D11,GAAATAAACCACAACGACATTCTAAT_TATTTAAACATAAAGGGAATTGCTTG,GAAATAAACCACAACGACATTCTAAT_TATTTAAACATAAAGGGAATTGCTTG
EvolvingFront_WGS_Plate1_A08,GATTAAATCATGAACGATTTTTTAAC_GAAATAAACCACAACGACATTCTAAT,GATTAAATCATGAACGATTTTTTAAC,GAAATAAACCACAACGACATTCTAAT,EVO1D_IRAs_rearray_Plate1-E7,GAAATAAACCACAACGACATTCTAAT_GATTAAATCATGAACGATTTTTTAAC,GAAATAAACCACAACGACATTCTAAT_GATTAAATCATGAACGATTTTTTAAC
EvolvingFront_WGS_Plate1_A09,ATCCTAAGAAGTAAGGGTATTCCTGG_CATAAAAAGACTAATCTTATTAATGC,ATCCTAAGAAGTAAGGGTATTCCTGG,CATAAAAAGACTAATCTTATTAATGC,EVO1D_IRAs_rearray_Plate1-E11,CATAAAAAGACTAATCTTATTAATGC_ATCCTAAGAAGTAAGGGTATTCCTGG,CATAAAAAGACTAATCTTATTAATGC_ATCCTAAGAAGTAAGGGTATTCCTGG
EvolvingFront_WGS_Plate1_A10,TTCATAACTGATAACTATTTTCATAT_CATAAAAAGACTAATCTTATTAATGC,TTCATAACTGATAACTATTTTCATAT,CATAAAAAGACTAATCTTATTAATGC,EVO1D_IRAs_rearray_Plate1-F7,CATAAAAAGACTAATCTTATTAATGC_TTCATAACTGATAACTATTTTCATAT,CATAAAAAGACTAATCTTATTAATGC_TTCATAACTGATAACTATTTTCATAT
EvolvingFront_WGS_Plate1_A11,TGGCAAATGACCAAATTCTTTAATAA_CATAAAAAGACTAATCTTATTAATGC,TGGCAAATGACCAAATTCTTTAATAA,CATAAAAAGACTAATCTTATTAATGC,EVO1D_IRAs_rearray_Plate1-G5,CATAAAAAGACTAATCTTATTAATGC_TGGCAAATGACCAAATTCTTTAATAA,CATAAAAAGACTAATCTTATTAATGC_TGGCAAATGACCAAATTCTTTAATAA
EvolvingFront_WGS_Plate1_B03,_,,,EVO1D_IRAs_rearray_Plate1-H3,CATAAAAAGACTAATCTTATTAATGC_CCAGAAATTCTAAATAATTTTCAAAC,_
EvolvingFront_WGS_Plate1_B10,ATCCAAACAAGGAAACGGATTTTCAG_TGTACAAATCTTAAGAAGATTACAAG,ATCCAAACAAGGAAACGGATTTTCAG,TGTACAAATCTTAAGAAGATTACAAG,EVO1D_IRAs_rearray_Plate2-H12,TGTACAAATCTTAAGAAGATTACAAG_ATCCAAACAAGGAAACGGATTTTCAG,TGTACAAATCTTAAGAAGATTACAAG_ATCCAAACAAGGAAACGGATTTTCAG
EvolvingFront_WGS_Plate1_C02,_,,,EVO1D_IRAs_rearray_Plate3-D8,CATAAAAAGACTAATCTTATTAATGC_ATGACAAAAAGGAAAAGATTTTTTTA,_
EvolvingFront_WGS_Plate1_C04,TGATCAAAGGACAACCATATTTACTA_TGTACAAATCTTAAGAAGATTACAAG,TGATCAAAGGACAACCATATTTACTA,TGTACAAATCTTAAGAAGATTACAAG,EVO1D_IRAs_rearray_Plate4-B9,TGTACAAATCTTAAGAAGATTACAAG_TGATCAAAGGACAACCATATTTACTA,TGTACAAATCTTAAGAAGATTACAAG_TGATCAAAGGACAACCATATTTACTA
EvolvingFront_WGS_Plate1_C05,TCACTAACCGTCAAAGGGTTTGTGAT_CATAAAAAGACTAATCTTATTAATGC,TCACTAACCGTCAAAGGGTTTGTGAT,CATAAAAAGACTAATCTTATTAATGC,EVO1D_IRAs_rearray_Plate4-C5,CATAAAAAGACTAATCTTATTAATGC_TCACTAACCGTCAAAGGGTTTGTGAT,CATAAAAAGACTAATCTTATTAATGC_TCACTAACCGTCAAAGGGTTTGTGAT
EvolvingFront_WGS_Plate1_C06,_,,,EVO1D_IRAs_rearray_Plate4-C7,AATGCAATAATGAAATGATTTGAGGA_CATACAAGCGACAAAAGGGTTCACAA,_
EvolvingFront_WGS_Plate1_D01,CCGTGAAATATTAAACTCTTTGGGTG_ATCAGAAGTTCGAATCAAATTACGAA,CCGTGAAATATTAAACTCTTTGGGTG,ATCAGAAGTTCGAATCAAATTACGAA,EVO1D_TCG_rearray_Plate1-B11,ATCAGAAGTTCGAATCAAATTACGAA_CCGTGAAATATTAAACTCTTTGGGTG,ATCAGAAGTTCGAATCAAATTACGAA_CCGTGAAATATTAAACTCTTTGGGTG
EvolvingFront_WGS_Plate1_D02,ACTAAAAGGGCAAAGTCGATTTGAAA_ATCAGAAGTTCGAATCAAATTACGAA,ACTAAAAGGGCAAAGTCGATTTGAAA,ATCAGAAGTTCGAATCAAATTACGAA,EVO1D_TCG_rearray_Plate1-D3,ATCAGAAGTTCGAATCAAATTACGAA_ACTAAAAGGGCAAAGTCGATTTGAAA,ATCAGAAGTTCGAATCAAATTACGAA_ACTAAAAGGGCAAAGTCGATTTGAAA
EvolvingFront_WGS_Plate1_D03,CCGTGAATCCCAAATATTGTTAAATT_TTAAAAATACAAAAAAAGATTTAAGG,CCGTGAATCCCAAATATTGTTAAATT,TTAAAAATACAAAAAAAGATTTAAGG,EVO1D_TCG_rearray_Plate1-D11,TTAAAAATACAAAAAAAGATTTAAGG_CCGTGAATCCCAAATATTGTTAAATT,TTAAAAATACAAAAAAAGATTTAAGG_CCGTGAATCCCAAATATTGTTAAATT
EvolvingFront_WGS_Plate1_D04,TTTTAAAGCTAGAACTCAGTTCTGGT_TTAAAAATACAAAAAAAGATTTAAGG,TTTTAAAGCTAGAACTCAGTTCTGGT,TTAAAAATACAAAAAAAGATTTAAGG,EVO1D_TCG_rearray_Plate1-F11,TTAAAAATACAAAAAAAGATTTAAGG_TTTTAAAGCTAGAACTCAGTTCTGGT,TTAAAAATACAAAAAAAGATTTAAGG_TTTTAAAGCTAGAACTCAGTTCTGGT
EvolvingFront_WGS_Plate1_D06,GACGGAAATTCTAATATGTTTCCTAG_GTATTAAAATTAAAAATAATTGCACA,GACGGAAATTCTAATATGTTTCCTAG,GTATTAAAATTAAAAATAATTGCACA,EVO1D_TCG_rearray_Plate1-G12,GTATTAAAATTAAAAATAATTGCACA_GACGGAAATTCTAATATGTTTCCTAG,GTATTAAAATTAAAAATAATTGCACA_GACGGAAATTCTAATATGTTTCCTAG
EvolvingFront_WGS_Plate1_D07,_,,,EVO1D_TCG_rearray_Plate1-H12,TTAAAAATACAAAAAAAGATTTAAGG_CCCAGAACCAGAAAGGGCGTTCAATA,_
EvolvingFront_WGS_Plate1_D08,_,,,EVO1D_TCG_rearray_Plate2-A2,CCAACAAAAGGAAACGTATTTATTGA_TCGACAATTGTGAAGTGGTTTGTCGT,_
EvolvingFront_WGS_Plate1_D09,ATATTAAGCTGAAATGGGATTTAAAC_CCAACAAAAGGAAACGTATTTATTGA,ATATTAAGCTGAAATGGGATTTAAAC,CCAACAAAAGGAAACGTATTTATTGA,EVO1D_TCG_rearray_Plate2-A11,CCAACAAAAGGAAACGTATTTATTGA_ATATTAAGCTGAAATGGGATTTAAAC,CCAACAAAAGGAAACGTATTTATTGA_ATATTAAGCTGAAATGGGATTTAAAC
EvolvingFront_WGS_Plate1_D10,TAGGCAAATTCAAAATTTATTGTGTA_ATCAGAAGTTCGAATCAAATTACGAA,TAGGCAAATTCAAAATTTATTGTGTA,ATCAGAAGTTCGAATCAAATTACGAA,EVO1D_TCG_rearray_Plate2-B4,ATCAGAAGTTCGAATCAAATTACGAA_TAGGCAAATTCAAAATTTATTGTGTA,ATCAGAAGTTCGAATCAAATTACGAA_TAGGCAAATTCAAAATTTATTGTGTA
EvolvingFront_WGS_Plate1_D11,AATATAAGTTTGAAGCTATTTGGCGT_CAGAAAAGCCATAACGCTATTTGAAA,AATATAAGTTTGAAGCTATTTGGCGT,CAGAAAAGCCATAACGCTATTTGAAA,EVO1D_TCG_rearray_Plate2-C1,CAGAAAAGCCATAACGCTATTTGAAA_AATATAAGTTTGAAGCTATTTGGCGT,CAGAAAAGCCATAACGCTATTTGAAA_AATATAAGTTTGAAGCTATTTGGCGT
EvolvingFront_WGS_Plate1_E01,_,,,EVO1D_TCG_rearray_Plate2-G4,ATCAGAAGTTCGAATCAAATTACGAA_TGAGCAATTCTAAAATCCGTTAACCA,_
EvolvingFront_WGS_Plate1_E03,CTAAGAAATAGTAAATATATTTATTT_AGAACAAAAACTAAACTCATTCATGG,CTAAGAAATAGTAAATATATTTATTT,AGAACAAAAACTAAACTCATTCATGG,EVO1D_TCG_rearray_Plate2-G11,AGAACAAAAACTAAACTCATTCATGG_CTAAGAAATAGTAAATATATTTATTT,AGAACAAAAACTAAACTCATTCATGG_CTAAGAAATAGTAAATATATTTATTT
EvolvingFront_WGS_Plate1_E04,TAAAGAAGTTATAACGCAGTTGCCCG_ATCAGAAGTTCGAATCAAATTACGAA,TAAAGAAGTTATAACGCAGTTGCCCG,ATCAGAAGTTCGAATCAAATTACGAA,EVO1D_TCG_rearray_Plate3-A10,ATCAGAAGTTCGAATCAAATTACGAA_TAAAGAAGTTATAACGCAGTTGCCCG,ATCAGAAGTTCGAATCAAATTACGAA_TAAAGAAGTTATAACGCAGTTGCCCG
EvolvingFront_WGS_Plate1_E05,_,,,EVO1D_TCG_rearray_Plate3-C5,GTATTAAAATTAAAAATAATTGCACA_AGAACAATGTGGAATGACGTTCCGCG,_
EvolvingFront_WGS_Plate1_F01,_,,,EVO1D_TCG_rearray_Plate5-C1,ACTTAAAAAGCAAACATGATTATTCA_TACAGAATGTTTAAAAGATTTACTAT,_
EvolvingFront_WGS_Plate1_F07,_,,,EVO1D_TCG_rearray_Plate6-F10,TTAAAAATACAAAAAAAGATTTAAGG_CGTTTAATAACTAAGAATATTCTGGT,_
EvolvingFront_WGS_Plate1_F08,_,,,EVO1D_TCG_rearray_Plate6-G12,ATCAGAAGTTCGAATCAAATTACGAA_GTGCCAAACTGAAATTGGGTTGATTT,_
EvolvingFront_WGS_Plate1_F10,_,,,EVO1D_TCG_rearray_Plate6-H3,AGAACAAAAACTAAACTCATTCATGG_GCAATAAAGGAAAAAGACGTTGAGC,_
EvolvingFront_WGS_Plate1_G08,AGTTAAAGCATGAACCGATTTTTCCC_TGATCAATCTACAAAAATATTTAATG,AGTTAAAGCATGAACCGATTTTTCCC,TGATCAATCTACAAAAATATTTAATG,EVO2D_IRA1_MIS_rearray_Plate1-A7,TGATCAATCTACAAAAATATTTAATG_AGTTAAAGCATGAACCGATTTTTCCC,TGATCAATCTACAAAAATATTTAATG_AGTTAAAGCATGAACCGATTTTTCCC
EvolvingFront_WGS_Plate1_G09,TTATTAAATGTAAAATAGGTTGCCTC_TGATCAATCTACAAAAATATTTAATG,TTATTAAATGTAAAATAGGTTGCCTC,TGATCAATCTACAAAAATATTTAATG,EVO2D_IRA1_MIS_rearray_Plate1-A9,TGATCAATCTACAAAAATATTTAATG_TTATTAAATGTAAAATAGGTTGCCTC,TGATCAATCTACAAAAATATTTAATG_TTATTAAATGTAAAATAGGTTGCCTC
EvolvingFront_WGS_Plate2_A04,ATTAGAAGCAAAAATTTCGTTTGAAG_TGATCAATCTACAAAAATATTTAATG,ATTAGAAGCAAAAATTTCGTTTGAAG,TGATCAATCTACAAAAATATTTAATG,EVO2D_IRA1_MIS_rearray_Plate1-D3,TGATCAATCTACAAAAATATTTAATG_ATTAGAAGCAAAAATTTCGTTTGAAG,TGATCAATCTACAAAAATATTTAATG_ATTAGAAGCAAAAATTTCGTTTGAAG
EvolvingFront_WGS_Plate2_A07,CGATCAAATCTTAAAAATTTTGCTAA_TGATCAATCTACAAAAATATTTAATG,CGATCAAATCTTAAAAATTTTGCTAA,TGATCAATCTACAAAAATATTTAATG,EVO2D_IRA1_MIS_rearray_Plate1-D8,TGATCAATCTACAAAAATATTTAATG_CGATCAAATCTTAAAAATTTTGCTAA,TGATCAATCTACAAAAATATTTAATG_CGATCAAATCTTAAAAATTTTGCTAA
EvolvingFront_WGS_Plate2_A12,GGGCCAAACTGTAACGTTCTTGGGGG_TGATCAATCTACAAAAATATTTAATG,GGGCCAAACTGTAACGTTCTTGGGGG,TGATCAATCTACAAAAATATTTAATG,EVO2D_IRA1_MIS_rearray_Plate1-E3,TGATCAATCTACAAAAATATTTAATG_GGGCCAAACTGTAACGTTCTTGGGGG,TGATCAATCTACAAAAATATTTAATG_GGGCCAAACTGTAACGTTCTTGGGGG
EvolvingFront_WGS_Plate2_B01,CCACCAACGCGAAAGAGGCTTGGGAG_CATTGAATCACAAAATAGGTTAGATG,CCACCAACGCGAAAGAGGCTTGGGAG,CATTGAATCACAAAATAGGTTAGATG,EVO2D_IRA1_MIS_rearray_Plate1-E8,CATTGAATCACAAAATAGGTTAGATG_CCACCAACGCGAAAGAGGCTTGGGAG,CATTGAATCACAAAATAGGTTAGATG_CCACCAACGCGAAAGAGGCTTGGGAG
EvolvingFront_WGS_Plate2_B02,TCAATAATAGTTAAGGTGATTTAGTT_TGATCAATCTACAAAAATATTTAATG,TCAATAATAGTTAAGGTGATTTAGTT,TGATCAATCTACAAAAATATTTAATG,EVO2D_IRA1_MIS_rearray_Plate1-E9,TGATCAATCTACAAAAATATTTAATG_TCAATAATAGTTAAGGTGATTTAGTT,TGATCAATCTACAAAAATATTTAATG_TCAATAATAGTTAAGGTGATTTAGTT
EvolvingFront_WGS_Plate2_B03,_,,,EVO2D_IRA1_MIS_rearray_Plate1-E12,TGATCAATCTACAAAAATATTTAATG_GAAGAAATTGAGAAGGAACTTACATC,_
EvolvingFront_WGS_Plate2_B04,GTGACAATTTCCAAGGTTATTAGAAA_CATTGAATCACAAAATAGGTTAGATG,GTGACAATTTCCAAGGTTATTAGAAA,CATTGAATCACAAAATAGGTTAGATG,EVO2D_IRA1_MIS_rearray_Plate1-F2,CATTGAATCACAAAATAGGTTAGATG_GTGACAATTTCCAAGGTTATTAGAAA,CATTGAATCACAAAATAGGTTAGATG_GTGACAATTTCCAAGGTTATTAGAAA
EvolvingFront_WGS_Plate2_B05,GCGTGAAAGCCCAACAGGTTTAGGGA_CATTGAATCACAAAATAGGTTAGATG,GCGTGAAAGCCCAACAGGTTTAGGGA,CATTGAATCACAAAATAGGTTAGATG,EVO2D_IRA1_MIS_rearray_Plate1-F5,CATTGAATCACAAAATAGGTTAGATG_GCGTGAAAGCCCAACAGGTTTAGGGA,CATTGAATCACAAAATAGGTTAGATG_GCGTGAAAGCCCAACAGGTTTAGGGA
EvolvingFront_WGS_Plate2_B06,_,,,EVO2D_IRA1_MIS_rearray_Plate1-F6,CATTGAATCACAAAATAGGTTAGATG_ATGACAACAGTGAATTCTATTCCTGT,_
EvolvingFront_WGS_Plate2_B07,TTTGTAATTTGTAAGCAATTTTTTAA_CATTGAATCACAAAATAGGTTAGATG,TTTGTAATTTGTAAGCAATTTTTTAA,CATTGAATCACAAAATAGGTTAGATG,EVO2D_IRA1_MIS_rearray_Plate1-F9,CATTGAATCACAAAATAGGTTAGATG_TTTGTAATTTGTAAGCAATTTTTTAA,CATTGAATCACAAAATAGGTTAGATG_TTTGTAATTTGTAAGCAATTTTTTAA
EvolvingFront_WGS_Plate2_B08,ATGAAAAGTTCTAAGGGAGTTTACTG_TGATCAATCTACAAAAATATTTAATG,ATGAAAAGTTCTAAGGGAGTTTACTG,TGATCAATCTACAAAAATATTTAATG,EVO2D_IRA1_MIS_rearray_Plate1-F11,TGATCAATCTACAAAAATATTTAATG_ATGAAAAGTTCTAAGGGAGTTTACTG,TGATCAATCTACAAAAATATTTAATG_ATGAAAAGTTCTAAGGGAGTTTACTG
EvolvingFront_WGS_Plate2_B09,GCGTGAACGCAAAAGTGGGTTAGCTG_CATTGAATCACAAAATAGGTTAGATG,GCGTGAACGCAAAAGTGGGTTAGCTG,CATTGAATCACAAAATAGGTTAGATG,EVO2D_IRA1_MIS_rearray_Plate1-F12,CATTGAATCACAAAATAGGTTAGATG_GCGTGAACGCAAAAGTGGGTTAGCTG,CATTGAATCACAAAATAGGTTAGATG_GCGTGAACGCAAAAGTGGGTTAGCTG
EvolvingFront_WGS_Plate2_B10,GCAACAACTACCAAGTCGTTTGTGTT_TGATCAATCTACAAAAATATTTAATG,GCAACAACTACCAAGTCGTTTGTGTT,TGATCAATCTACAAAAATATTTAATG,EVO2D_IRA1_MIS_rearray_Plate1-G1,TGATCAATCTACAAAAATATTTAATG_GCAACAACTACCAAGTCGTTTGTGTT,TGATCAATCTACAAAAATATTTAATG_GCAACAACTACCAAGTCGTTTGTGTT
EvolvingFront_WGS_Plate2_B12,CCTTCAAATGAAAAGTGAATTTAGAA_CATTGAATCACAAAATAGGTTAGATG,CCTTCAAATGAAAAGTGAATTTAGAA,CATTGAATCACAAAATAGGTTAGATG,EVO2D_IRA1_MIS_rearray_Plate1-G5,CATTGAATCACAAAATAGGTTAGATG_CCTTCAAATGAAAAGTGAATTTAGAA,CATTGAATCACAAAATAGGTTAGATG_CCTTCAAATGAAAAGTGAATTTAGAA
EvolvingFront_WGS_Plate2_C01,GTTAAAATTTTTAAATATATTCTCAC_CATTGAATCACAAAATAGGTTAGATG,GTTAAAATTTTTAAATATATTCTCAC,CATTGAATCACAAAATAGGTTAGATG,EVO2D_IRA1_MIS_rearray_Plate1-G6,CATTGAATCACAAAATAGGTTAGATG_GTTAAAATTTTTAAATATATTCTCAC,CATTGAATCACAAAATAGGTTAGATG_GTTAAAATTTTTAAATATATTCTCAC
EvolvingFront_WGS_Plate2_C02,TCGCTAACTAATAATGCTGTTTCAAT_CATTGAATCACAAAATAGGTTAGATG,TCGCTAACTAATAATGCTGTTTCAAT,CATTGAATCACAAAATAGGTTAGATG,EVO2D_IRA1_MIS_rearray_Plate1-G7,CATTGAATCACAAAATAGGTTAGATG_TCGCTAACTAATAATGCTGTTTCAAT,CATTGAATCACAAAATAGGTTAGATG_TCGCTAACTAATAATGCTGTTTCAAT
EvolvingFront_WGS_Plate2_C04,CTCTGAAACCTCAAGCGACTTAGTTG_TGATCAATCTACAAAAATATTTAATG,CTCTGAAACCTCAAGCGACTTAGTTG,TGATCAATCTACAAAAATATTTAATG,EVO2D_IRA1_MIS_rearray_Plate1-G9,TGATCAATCTACAAAAATATTTAATG_CTCTGAAACCTCAAGCGACTTAGTTG,TGATCAATCTACAAAAATATTTAATG_CTCTGAAACCTCAAGCGACTTAGTTG
EvolvingFront_WGS_Plate2_C05,TGTTAAACCCATAAATTCGTTTGGCG_CATTGAATCACAAAATAGGTTAGATG,TGTTAAACCCATAAATTCGTTTGGCG,CATTGAATCACAAAATAGGTTAGATG,EVO2D_IRA1_MIS_rearray_Plate1-G11,CATTGAATCACAAAATAGGTTAGATG_TGTTAAACCCATAAATTCGTTTGGCG,CATTGAATCACAAAATAGGTTAGATG_TGTTAAACCCATAAATTCGTTTGGCG
EvolvingFront_WGS_Plate2_C08,CTGTGAACGACCAATTAATTTCTACT_TGATCAATCTACAAAAATATTTAATG,CTGTGAACGACCAATTAATTTCTACT,TGATCAATCTACAAAAATATTTAATG,EVO2D_IRA1_MIS_rearray_Plate1-H3,TGATCAATCTACAAAAATATTTAATG_CTGTGAACGACCAATTAATTTCTACT,TGATCAATCTACAAAAATATTTAATG_CTGTGAACGACCAATTAATTTCTACT
EvolvingFront_WGS_Plate2_C09,GGGCAAAATTTAAATTCGATTCTAGT_CATTGAATCACAAAATAGGTTAGATG,GGGCAAAATTTAAATTCGATTCTAGT,CATTGAATCACAAAATAGGTTAGATG,EVO2D_IRA1_MIS_rearray_Plate1-H4,CATTGAATCACAAAATAGGTTAGATG_GGGCAAAATTTAAATTCGATTCTAGT,CATTGAATCACAAAATAGGTTAGATG_GGGCAAAATTTAAATTCGATTCTAGT
EvolvingFront_WGS_Plate2_C10,TATAGAAGCGTAAATCTTCTTTAGGC_CATTGAATCACAAAATAGGTTAGATG,TATAGAAGCGTAAATCTTCTTTAGGC,CATTGAATCACAAAATAGGTTAGATG,EVO2D_IRA1_MIS_rearray_Plate1-H7,CATTGAATCACAAAATAGGTTAGATG_TATAGAAGCGTAAATCTTCTTTAGGC,CATTGAATCACAAAATAGGTTAGATG_TATAGAAGCGTAAATCTTCTTTAGGC
EvolvingFront_WGS_Plate2_C11,CTCTTAATGATGAAGCGGTTTAGATT_CATTGAATCACAAAATAGGTTAGATG,CTCTTAATGATGAAGCGGTTTAGATT,CATTGAATCACAAAATAGGTTAGATG,EVO2D_IRA1_MIS_rearray_Plate1-H8,CATTGAATCACAAAATAGGTTAGATG_CTCTTAATGATGAAGCGGTTTAGATT,CATTGAATCACAAAATAGGTTAGATG_CTCTTAATGATGAAGCGGTTTAGATT
EvolvingFront_WGS_Plate2_C12,AACGAAAGTTCCAACTACTTTTGAAT_CATTGAATCACAAAATAGGTTAGATG,AACGAAAGTTCCAACTACTTTTGAAT,CATTGAATCACAAAATAGGTTAGATG,EVO2D_IRA1_MIS_rearray_Plate1-H10,CATTGAATCACAAAATAGGTTAGATG_AACGAAAGTTCCAACTACTTTTGAAT,CATTGAATCACAAAATAGGTTAGATG_AACGAAAGTTCCAACTACTTTTGAAT
EvolvingFront_WGS_Plate2_D01,_,,,EVO2D_IRA1_MIS_rearray_Plate1-H11,TGATCAATCTACAAAAATATTTAATG_GGCACAATGTGTAAGTTCTTTATTAG,_
EvolvingFront_WGS_Plate2_D03,TTAAGAATCACAAATAAATTTTCCCT_CATTGAATCACAAAATAGGTTAGATG,TTAAGAATCACAAATAAATTTTCCCT,CATTGAATCACAAAATAGGTTAGATG,EVO2D_IRA1_MIS_rearray_Plate2-A1,CATTGAATCACAAAATAGGTTAGATG_TTAAGAATCACAAATAAATTTTCCCT,CATTGAATCACAAAATAGGTTAGATG_TTAAGAATCACAAATAAATTTTCCCT
EvolvingFront_WGS_Plate2_D04,ATGTTAAAAAGGAAAGGCGTTGCCTG_CATTGAATCACAAAATAGGTTAGATG,ATGTTAAAAAGGAAAGGCGTTGCCTG,CATTGAATCACAAAATAGGTTAGATG,EVO2D_IRA1_MIS_rearray_Plate2-A3,CATTGAATCACAAAATAGGTTAGATG_ATGTTAAAAAGGAAAGGCGTTGCCTG,CATTGAATCACAAAATAGGTTAGATG_ATGTTAAAAAGGAAAGGCGTTGCCTG
EvolvingFront_WGS_Plate2_D05,GTCACAAATGTTAATGGGTTTTATGT_TGATCAATCTACAAAAATATTTAATG,GTCACAAATGTTAATGGGTTTTATGT,TGATCAATCTACAAAAATATTTAATG,EVO2D_IRA1_MIS_rearray_Plate2-A4,TGATCAATCTACAAAAATATTTAATG_GTCACAAATGTTAATGGGTTTTATGT,TGATCAATCTACAAAAATATTTAATG_GTCACAAATGTTAATGGGTTTTATGT
EvolvingFront_WGS_Plate2_D06,CACGGAAGGTTGAACTCCGTTTCCCC_TGATCAATCTACAAAAATATTTAATG,CACGGAAGGTTGAACTCCGTTTCCCC,TGATCAATCTACAAAAATATTTAATG,EVO2D_IRA1_MIS_rearray_Plate2-A5,TGATCAATCTACAAAAATATTTAATG_CACGGAAGGTTGAACTCCGTTTCCCC,TGATCAATCTACAAAAATATTTAATG_CACGGAAGGTTGAACTCCGTTTCCCC
EvolvingFront_WGS_Plate2_D07,AAGGAAACCGATAAGGTGTTTTTTAC_TGATCAATCTACAAAAATATTTAATG,AAGGAAACCGATAAGGTGTTTTTTAC,TGATCAATCTACAAAAATATTTAATG,EVO2D_IRA1_MIS_rearray_Plate2-A6,TGATCAATCTACAAAAATATTTAATG_AAGGAAACCGATAAGGTGTTTTTTAC,TGATCAATCTACAAAAATATTTAATG_AAGGAAACCGATAAGGTGTTTTTTAC
EvolvingFront_WGS_Plate2_D08,ACGACAATCTCGAATAGGTTTTTCTG_TGATCAATCTACAAAAATATTTAATG,ACGACAATCTCGAATAGGTTTTTCTG,TGATCAATCTACAAAAATATTTAATG,EVO2D_IRA1_MIS_rearray_Plate2-A10,TGATCAATCTACAAAAATATTTAATG_ACGACAATCTCGAATAGGTTTTTCTG,TGATCAATCTACAAAAATATTTAATG_ACGACAATCTCGAATAGGTTTTTCTG
EvolvingFront_WGS_Plate2_D09,TTCTTAACCGCTAAAATCCTTTAGAT_CATTGAATCACAAAATAGGTTAGATG,TTCTTAACCGCTAAAATCCTTTAGAT,CATTGAATCACAAAATAGGTTAGATG,EVO2D_IRA1_MIS_rearray_Plate2-A12,CATTGAATCACAAAATAGGTTAGATG_TTCTTAACCGCTAAAATCCTTTAGAT,CATTGAATCACAAAATAGGTTAGATG_TTCTTAACCGCTAAAATCCTTTAGAT
EvolvingFront_WGS_Plate2_D10,_,,,EVO2D_IRA1_MIS_rearray_Plate2-B1,TGATCAATCTACAAAAATATTTAATG_CACATAATGCTTAACTGCTTTGGATC,_
EvolvingFront_WGS_Plate2_D11,GCTAAAACATTAAAGCGGTTTAGAAA_TGATCAATCTACAAAAATATTTAATG,GCTAAAACATTAAAGCGGTTTAGAAA,TGATCAATCTACAAAAATATTTAATG,EVO2D_IRA1_MIS_rearray_Plate2-B2,TGATCAATCTACAAAAATATTTAATG_GCTAAAACATTAAAGCGGTTTAGAAA,TGATCAATCTACAAAAATATTTAATG_GCTAAAACATTAAAGCGGTTTAGAAA
EvolvingFront_WGS_Plate2_D12,CTTCCAATATCGAACAGGTTTGCTAT_TGATCAATCTACAAAAATATTTAATG,CTTCCAATATCGAACAGGTTTGCTAT,TGATCAATCTACAAAAATATTTAATG,EVO2D_IRA1_MIS_rearray_Plate2-B5,TGATCAATCTACAAAAATATTTAATG_CTTCCAATATCGAACAGGTTTGCTAT,TGATCAATCTACAAAAATATTTAATG_CTTCCAATATCGAACAGGTTTGCTAT
EvolvingFront_WGS_Plate2_E01,ATTACAACTCATAAGAATGTTTTGCG_TGATCAATCTACAAAAATATTTAATG,ATTACAACTCATAAGAATGTTTTGCG,TGATCAATCTACAAAAATATTTAATG,EVO2D_IRA1_MIS_rearray_Plate2-B7,TGATCAATCTACAAAAATATTTAATG_ATTACAACTCATAAGAATGTTTTGCG,TGATCAATCTACAAAAATATTTAATG_ATTACAACTCATAAGAATGTTTTGCG
EvolvingFront_WGS_Plate2_E02,ACATCAATACGGAATCGCTTTATAAG_TGATCAATCTACAAAAATATTTAATG,ACATCAATACGGAATCGCTTTATAAG,TGATCAATCTACAAAAATATTTAATG,EVO2D_IRA1_MIS_rearray_Plate2-B10,TGATCAATCTACAAAAATATTTAATG_ACATCAATACGGAATCGCTTTATAAG,TGATCAATCTACAAAAATATTTAATG_ACATCAATACGGAATCGCTTTATAAG
EvolvingFront_WGS_Plate2_E03,TTCTCAAACTTGAATACAGTTCCGGG_TGATCAATCTACAAAAATATTTAATG,TTCTCAAACTTGAATACAGTTCCGGG,TGATCAATCTACAAAAATATTTAATG,EVO2D_IRA1_MIS_rearray_Plate2-B12,TGATCAATCTACAAAAATATTTAATG_TTCTCAAACTTGAATACAGTTCCGGG,TGATCAATCTACAAAAATATTTAATG_TTCTCAAACTTGAATACAGTTCCGGG
EvolvingFront_WGS_Plate2_E04,GCCTTAAGTGCTAATCTCGTTGAGAC_CATTGAATCACAAAATAGGTTAGATG,GCCTTAAGTGCTAATCTCGTTGAGAC,CATTGAATCACAAAATAGGTTAGATG,EVO2D_IRA1_MIS_rearray_Plate2-C1,CATTGAATCACAAAATAGGTTAGATG_GCCTTAAGTGCTAATCTCGTTGAGAC,CATTGAATCACAAAATAGGTTAGATG_GCCTTAAGTGCTAATCTCGTTGAGAC
EvolvingFront_WGS_Plate2_E05,CTAAAAACCTTAAATTAATTTCAAAT_CATTGAATCACAAAATAGGTTAGATG,CTAAAAACCTTAAATTAATTTCAAAT,CATTGAATCACAAAATAGGTTAGATG,EVO2D_IRA1_MIS_rearray_Plate2-C2,CATTGAATCACAAAATAGGTTAGATG_CTAAAAACCTTAAATTAATTTCAAAT,CATTGAATCACAAAATAGGTTAGATG_CTAAAAACCTTAAATTAATTTCAAAT
EvolvingFront_WGS_Plate2_E06,TAATTAACCGGCAATTTTGTTTAAGG_CATTGAATCACAAAATAGGTTAGATG,TAATTAACCGGCAATTTTGTTTAAGG,CATTGAATCACAAAATAGGTTAGATG,EVO2D_IRA1_MIS_rearray_Plate2-C3,CATTGAATCACAAAATAGGTTAGATG_TAATTAACCGGCAATTTTGTTTAAGG,CATTGAATCACAAAATAGGTTAGATG_TAATTAACCGGCAATTTTGTTTAAGG
EvolvingFront_WGS_Plate2_E08,TTAGCAAAACTAAACTTACTTATAAA_TGATCAATCTACAAAAATATTTAATG,TTAGCAAAACTAAACTTACTTATAAA,TGATCAATCTACAAAAATATTTAATG,EVO2D_IRA1_MIS_rearray_Plate2-C5,TGATCAATCTACAAAAATATTTAATG_TTAGCAAAACTAAACTTACTTATAAA,TGATCAATCTACAAAAATATTTAATG_TTAGCAAAACTAAACTTACTTATAAA
EvolvingFront_WGS_Plate2_E09,_,,,EVO2D_IRA1_MIS_rearray_Plate2-C6,TGATCAATCTACAAAAATATTTAATG_GGAAGAACACGCAATCAGGTTCCAAT,_
EvolvingFront_WGS_Plate2_E10,TACACAACGGGAAATGAAGTTTAACA_TGATCAATCTACAAAAATATTTAATG,TACACAACGGGAAATGAAGTTTAACA,TGATCAATCTACAAAAATATTTAATG,EVO2D_IRA1_MIS_rearray_Plate2-C7,TGATCAATCTACAAAAATATTTAATG_TACACAACGGGAAATGAAGTTTAACA,TGATCAATCTACAAAAATATTTAATG_TACACAACGGGAAATGAAGTTTAACA
EvolvingFront_WGS_Plate2_E11,CTCAAAAACAAAAATAAAATTGTTAC_CATTGAATCACAAAATAGGTTAGATG,CTCAAAAACAAAAATAAAATTGTTAC,CATTGAATCACAAAATAGGTTAGATG,EVO2D_IRA1_MIS_rearray_Plate2-C9,CATTGAATCACAAAATAGGTTAGATG_CTCAAAAACAAAAATAAAATTGTTAC,CATTGAATCACAAAATAGGTTAGATG_CTCAAAAACAAAAATAAAATTGTTAC
EvolvingFront_WGS_Plate2_E12,TTCTCAACAATAAAACCCGTTGTGCT_CATTGAATCACAAAATAGGTTAGATG,TTCTCAACAATAAAACCCGTTGTGCT,CATTGAATCACAAAATAGGTTAGATG,EVO2D_IRA1_MIS_rearray_Plate2-C10,CATTGAATCACAAAATAGGTTAGATG_TTCTCAACAATAAAACCCGTTGTGCT,CATTGAATCACAAAATAGGTTAGATG_TTCTCAACAATAAAACCCGTTGTGCT
EvolvingFront_WGS_Plate2_F01,CGGTAAACGGGAAACTTGCTTGGGGC_CATTGAATCACAAAATAGGTTAGATG,CGGTAAACGGGAAACTTGCTTGGGGC,CATTGAATCACAAAATAGGTTAGATG,EVO2D_IRA1_MIS_rearray_Plate2-C12,CATTGAATCACAAAATAGGTTAGATG_CGGTAAACGGGAAACTTGCTTGGGGC,CATTGAATCACAAAATAGGTTAGATG_CGGTAAACGGGAAACTTGCTTGGGGC
EvolvingFront_WGS_Plate2_F02,GATTTAAAAGATAATATAATTTCGTT_TGATCAATCTACAAAAATATTTAATG,GATTTAAAAGATAATATAATTTCGTT,TGATCAATCTACAAAAATATTTAATG,EVO2D_IRA1_MIS_rearray_Plate2-D1,TGATCAATCTACAAAAATATTTAATG_GATTTAAAAGATAATATAATTTCGTT,TGATCAATCTACAAAAATATTTAATG_GATTTAAAAGATAATATAATTTCGTT
EvolvingFront_WGS_Plate2_F04,GTTAAAACCCTTAATTCTTTTATGGT_CATTGAATCACAAAATAGGTTAGATG,GTTAAAACCCTTAATTCTTTTATGGT,CATTGAATCACAAAATAGGTTAGATG,EVO2D_IRA1_MIS_rearray_Plate2-D6,CATTGAATCACAAAATAGGTTAGATG_GTTAAAACCCTTAATTCTTTTATGGT,CATTGAATCACAAAATAGGTTAGATG_GTTAAAACCCTTAATTCTTTTATGGT
EvolvingFront_WGS_Plate2_F06,_,,,EVO2D_IRA1_MIS_rearray_Plate2-D10,TGATCAATCTACAAAAATATTTAATG_CAGATAATGATAAAATCCTTTACTAG,_
EvolvingFront_WGS_Plate2_F07,CATTTAACCGCAAAGGAATTTTGAAA_CATTGAATCACAAAATAGGTTAGATG,CATTTAACCGCAAAGGAATTTTGAAA,CATTGAATCACAAAATAGGTTAGATG,EVO2D_IRA1_MIS_rearray_Plate2-E1,CATTGAATCACAAAATAGGTTAGATG_CATTTAACCGCAAAGGAATTTTGAAA,CATTGAATCACAAAATAGGTTAGATG_CATTTAACCGCAAAGGAATTTTGAAA
EvolvingFront_WGS_Plate2_F08,CTGTCAAACGGGAAGGGGCTTTGAGG_CATTGAATCACAAAATAGGTTAGATG,CTGTCAAACGGGAAGGGGCTTTGAGG,CATTGAATCACAAAATAGGTTAGATG,EVO2D_IRA1_MIS_rearray_Plate2-E4,CATTGAATCACAAAATAGGTTAGATG_CTGTCAAACGGGAAGGGGCTTTGAGG,CATTGAATCACAAAATAGGTTAGATG_CTGTCAAACGGGAAGGGGCTTTGAGG
EvolvingFront_WGS_Plate2_F09,TACTAAATAAGTAAGGGAATTCTGTT_CCAACAAAACACAAATCTGTTGTGTA,TACTAAATAAGTAAGGGAATTCTGTT,CCAACAAAACACAAATCTGTTGTGTA,EVO2D_IRA1_NON_rearray_Plate1-A1,CCAACAAAACACAAATCTGTTGTGTA_TACTAAATAAGTAAGGGAATTCTGTT,CCAACAAAACACAAATCTGTTGTGTA_TACTAAATAAGTAAGGGAATTCTGTT
EvolvingFront_WGS_Plate2_F10,ACTTAAACCTGGAATATACTTTCTTA_CCAACAAAACACAAATCTGTTGTGTA,ACTTAAACCTGGAATATACTTTCTTA,CCAACAAAACACAAATCTGTTGTGTA,EVO2D_IRA1_NON_rearray_Plate1-A2,CCAACAAAACACAAATCTGTTGTGTA_ACTTAAACCTGGAATATACTTTCTTA,CCAACAAAACACAAATCTGTTGTGTA_ACTTAAACCTGGAATATACTTTCTTA
EvolvingFront_WGS_Plate2_F12,AGAGCAATAATAAAAACTCTTTTTCC_CCAACAAAACACAAATCTGTTGTGTA,AGAGCAATAATAAAAACTCTTTTTCC,CCAACAAAACACAAATCTGTTGTGTA,EVO2D_IRA1_NON_rearray_Plate1-A9,CCAACAAAACACAAATCTGTTGTGTA_AGAGCAATAATAAAAACTCTTTTTCC,CCAACAAAACACAAATCTGTTGTGTA_AGAGCAATAATAAAAACTCTTTTTCC
EvolvingFront_WGS_Plate2_G01,TACATAATACTCAATCTACTTTTTCA_CCAACAAAACACAAATCTGTTGTGTA,TACATAATACTCAATCTACTTTTTCA,CCAACAAAACACAAATCTGTTGTGTA,EVO2D_IRA1_NON_rearray_Plate1-A12,CCAACAAAACACAAATCTGTTGTGTA_TACATAATACTCAATCTACTTTTTCA,CCAACAAAACACAAATCTGTTGTGTA_TACATAATACTCAATCTACTTTTTCA
EvolvingFront_WGS_Plate2_G02,ACTCTAACTGTAAATAGAATTCGTTA_CCAACAAAACACAAATCTGTTGTGTA,ACTCTAACTGTAAATAGAATTCGTTA,CCAACAAAACACAAATCTGTTGTGTA,EVO2D_IRA1_NON_rearray_Plate1-B5,CCAACAAAACACAAATCTGTTGTGTA_ACTCTAACTGTAAATAGAATTCGTTA,CCAACAAAACACAAATCTGTTGTGTA_ACTCTAACTGTAAATAGAATTCGTTA
EvolvingFront_WGS_Plate2_G04,ACAATAACCGGTAACGTGTTTTTCTA_CCAACAAAACACAAATCTGTTGTGTA,ACAATAACCGGTAACGTGTTTTTCTA,CCAACAAAACACAAATCTGTTGTGTA,EVO2D_IRA1_NON_rearray_Plate1-B9,CCAACAAAACACAAATCTGTTGTGTA_ACAATAACCGGTAACGTGTTTTTCTA,CCAACAAAACACAAATCTGTTGTGTA_ACAATAACCGGTAACGTGTTTTTCTA
EvolvingFront_WGS_Plate2_G05,ACGTGAAACAGTAAACCGCTTACATA_CCAACAAAACACAAATCTGTTGTGTA,ACGTGAAACAGTAAACCGCTTACATA,CCAACAAAACACAAATCTGTTGTGTA,EVO2D_IRA1_NON_rearray_Plate1-B10,CCAACAAAACACAAATCTGTTGTGTA_ACGTGAAACAGTAAACCGCTTACATA,CCAACAAAACACAAATCTGTTGTGTA_ACGTGAAACAGTAAACCGCTTACATA
EvolvingFront_WGS_Plate2_G06,TGATCAAACCTTAAATATTTTTTGCC_CCAACAAAACACAAATCTGTTGTGTA,TGATCAAACCTTAAATATTTTTTGCC,CCAACAAAACACAAATCTGTTGTGTA,EVO2D_IRA1_NON_rearray_Plate1-C5,CCAACAAAACACAAATCTGTTGTGTA_TGATCAAACCTTAAATATTTTTTGCC,CCAACAAAACACAAATCTGTTGTGTA_TGATCAAACCTTAAATATTTTTTGCC
EvolvingFront_WGS_Plate2_G07,TATAAAATGTAGAACACACTTCTTCT_CCAACAAAACACAAATCTGTTGTGTA,TATAAAATGTAGAACACACTTCTTCT,CCAACAAAACACAAATCTGTTGTGTA,EVO2D_IRA1_NON_rearray_Plate1-C6,CCAACAAAACACAAATCTGTTGTGTA_TATAAAATGTAGAACACACTTCTTCT,CCAACAAAACACAAATCTGTTGTGTA_TATAAAATGTAGAACACACTTCTTCT
EvolvingFront_WGS_Plate2_G09,ATATGAAATGACAAGTCCCTTCTTAA_CCAACAAAACACAAATCTGTTGTGTA,ATATGAAATGACAAGTCCCTTCTTAA,CCAACAAAACACAAATCTGTTGTGTA,EVO2D_IRA1_NON_rearray_Plate1-C11,CCAACAAAACACAAATCTGTTGTGTA_ATATGAAATGACAAGTCCCTTCTTAA,CCAACAAAACACAAATCTGTTGTGTA_ATATGAAATGACAAGTCCCTTCTTAA
EvolvingFront_WGS_Plate2_G10,CCGTAAAGTATGAACGCAATTATCAC_CCAACAAAACACAAATCTGTTGTGTA,CCGTAAAGTATGAACGCAATTATCAC,CCAACAAAACACAAATCTGTTGTGTA,EVO2D_IRA1_NON_rearray_Plate1-D1,CCAACAAAACACAAATCTGTTGTGTA_CCGTAAAGTATGAACGCAATTATCAC,CCAACAAAACACAAATCTGTTGTGTA_CCGTAAAGTATGAACGCAATTATCAC
EvolvingFront_WGS_Plate2_G11,ACTTGAATCATTAACGCTCTTCTGAA_CCAACAAAACACAAATCTGTTGTGTA,ACTTGAATCATTAACGCTCTTCTGAA,CCAACAAAACACAAATCTGTTGTGTA,EVO2D_IRA1_NON_rearray_Plate1-D2,CCAACAAAACACAAATCTGTTGTGTA_ACTTGAATCATTAACGCTCTTCTGAA,CCAACAAAACACAAATCTGTTGTGTA_ACTTGAATCATTAACGCTCTTCTGAA
EvolvingFront_WGS_Plate2_G12,TCAGTAACAGAAAAACGGCTTTGCGG_CCAACAAAACACAAATCTGTTGTGTA,TCAGTAACAGAAAAACGGCTTTGCGG,CCAACAAAACACAAATCTGTTGTGTA,EVO2D_IRA1_NON_rearray_Plate1-D4,CCAACAAAACACAAATCTGTTGTGTA_TCAGTAACAGAAAAACGGCTTTGCGG,CCAACAAAACACAAATCTGTTGTGTA_TCAGTAACAGAAAAACGGCTTTGCGG
EvolvingFront_WGS_Plate2_H01,ATGGCAAACGTAAATGCTTTTCTAGG_CCAACAAAACACAAATCTGTTGTGTA,ATGGCAAACGTAAATGCTTTTCTAGG,CCAACAAAACACAAATCTGTTGTGTA,EVO2D_IRA1_NON_rearray_Plate1-D5,CCAACAAAACACAAATCTGTTGTGTA_ATGGCAAACGTAAATGCTTTTCTAGG,CCAACAAAACACAAATCTGTTGTGTA_ATGGCAAACGTAAATGCTTTTCTAGG
EvolvingFront_WGS_Plate2_H02,GAGGCAAACAATAAGGTGTTTGGTTG_CCAACAAAACACAAATCTGTTGTGTA,GAGGCAAACAATAAGGTGTTTGGTTG,CCAACAAAACACAAATCTGTTGTGTA,EVO2D_IRA1_NON_rearray_Plate1-D7,CCAACAAAACACAAATCTGTTGTGTA_GAGGCAAACAATAAGGTGTTTGGTTG,CCAACAAAACACAAATCTGTTGTGTA_GAGGCAAACAATAAGGTGTTTGGTTG
EvolvingFront_WGS_Plate2_H03,TGATCAACTATGAATTGTGTTTCCCC_CCAACAAAACACAAATCTGTTGTGTA,TGATCAACTATGAATTGTGTTTCCCC,CCAACAAAACACAAATCTGTTGTGTA,EVO2D_IRA1_NON_rearray_Plate1-D10,CCAACAAAACACAAATCTGTTGTGTA_TGATCAACTATGAATTGTGTTTCCCC,CCAACAAAACACAAATCTGTTGTGTA_TGATCAACTATGAATTGTGTTTCCCC
EvolvingFront_WGS_Plate2_H04,AATCAAATATTCAATGACGTTGAATT_CCAACAAAACACAAATCTGTTGTGTA,AATCAAATATTCAATGACGTTGAATT,CCAACAAAACACAAATCTGTTGTGTA,EVO2D_IRA1_NON_rearray_Plate1-F2,CCAACAAAACACAAATCTGTTGTGTA_AATCAAATATTCAATGACGTTGAATT,CCAACAAAACACAAATCTGTTGTGTA_AATCAAATATTCAATGACGTTGAATT
EvolvingFront_WGS_Plate2_H05,CAATTAAAAGGGAATCTATTTTGTCG_CCAACAAAACACAAATCTGTTGTGTA,CAATTAAAAGGGAATCTATTTTGTCG,CCAACAAAACACAAATCTGTTGTGTA,EVO2D_IRA1_NON_rearray_Plate1-F6,CCAACAAAACACAAATCTGTTGTGTA_CAATTAAAAGGGAATCTATTTTGTCG,CCAACAAAACACAAATCTGTTGTGTA_CAATTAAAAGGGAATCTATTTTGTCG
EvolvingFront_WGS_Plate2_H06,AGCTTAATTTCGAAGTCCATTACGTT_CCAACAAAACACAAATCTGTTGTGTA,AGCTTAATTTCGAAGTCCATTACGTT,CCAACAAAACACAAATCTGTTGTGTA,EVO2D_IRA1_NON_rearray_Plate1-G1,CCAACAAAACACAAATCTGTTGTGTA_AGCTTAATTTCGAAGTCCATTACGTT,CCAACAAAACACAAATCTGTTGTGTA_AGCTTAATTTCGAAGTCCATTACGTT
EvolvingFront_WGS_Plate2_H07,TTTGAAACAAAGAAAAAAGTTAGGGC_CCAACAAAACACAAATCTGTTGTGTA,TTTGAAACAAAGAAAAAAGTTAGGGC,CCAACAAAACACAAATCTGTTGTGTA,EVO2D_IRA1_NON_rearray_Plate1-G6,CCAACAAAACACAAATCTGTTGTGTA_TTTGAAACAAAGAAAAAAGTTAGGGC,CCAACAAAACACAAATCTGTTGTGTA_TTTGAAACAAAGAAAAAAGTTAGGGC
EvolvingFront_WGS_Plate2_H08,ACGTCAAGACCAAACTAGCTTTCGGC_CCAACAAAACACAAATCTGTTGTGTA,ACGTCAAGACCAAACTAGCTTTCGGC,CCAACAAAACACAAATCTGTTGTGTA,EVO2D_IRA1_NON_rearray_Plate1-G8,CCAACAAAACACAAATCTGTTGTGTA_ACGTCAAGACCAAACTAGCTTTCGGC,CCAACAAAACACAAATCTGTTGTGTA_ACGTCAAGACCAAACTAGCTTTCGGC
EvolvingFront_WGS_Plate2_H09,TTGTAAACAGCTAATTTGATTTACAC_CCAACAAAACACAAATCTGTTGTGTA,TTGTAAACAGCTAATTTGATTTACAC,CCAACAAAACACAAATCTGTTGTGTA,EVO2D_IRA1_NON_rearray_Plate1-H5,CCAACAAAACACAAATCTGTTGTGTA_TTGTAAACAGCTAATTTGATTTACAC,CCAACAAAACACAAATCTGTTGTGTA_TTGTAAACAGCTAATTTGATTTACAC
EvolvingFront_WGS_Plate2_H10,TGCCAAATATTTATCATTTTAATCA_CCAACAAAACACAAATCTGTTGTGTA,TGCCAAATATTTATCATTTTAATCA,CCAACAAAACACAAATCTGTTGTGTA,EVO2D_IRA1_NON_rearray_Plate1-H6,CCAACAAAACACAAATCTGTTGTGTA_TGCCAAATATTTATCATTTTAATCA,CCAACAAAACACAAATCTGTTGTGTA_TGCCAAATATTTATCATTTTAATCA
EvolvingFront_WGS_Plate5_A01,CATCGAAGGGAAAACCAGCTTAGCCG_AATGCAATAATGAAATGATTTGAGGA,CATCGAAGGGAAAACCAGCTTAGCCG,AATGCAATAATGAAATGATTTGAGGA,EVO1D_IRAs_rearray_Plate1-C1,AATGCAATAATGAAATGATTTGAGGA_CATCGAAGGGAAAACCAGCTTAGCCG,AATGCAATAATGAAATGATTTGAGGA_CATCGAAGGGAAAACCAGCTTAGCCG
EvolvingFront_WGS_Plate5_A02,_,,,EVO1D_IRAs_rearray_Plate1-E2,AATGCAATAATGAAATGATTTGAGGA_ATCATAAAGCAAAAGGGTCTTGGTGT,_
EvolvingFront_WGS_Plate5_A03,CACATAAGATGTAAGGTATTTTATGC_CATAAAAAGACTAATCTTATTAATGC,CACATAAGATGTAAGGTATTTTATGC,CATAAAAAGACTAATCTTATTAATGC,EVO1D_IRAs_rearray_Plate1-G7,CATAAAAAGACTAATCTTATTAATGC_CACATAAGATGTAAGGTATTTTATGC,CATAAAAAGACTAATCTTATTAATGC_CACATAAGATGTAAGGTATTTTATGC
EvolvingFront_WGS_Plate5_A04,TTAAAAAATGTCAAGTTTTTTTACGA_CATAAAAAGACTAATCTTATTAATGC,TTAAAAAATGTCAAGTTTTTTTACGA,CATAAAAAGACTAATCTTATTAATGC,EVO1D_IRAs_rearray_Plate1-G8,CATAAAAAGACTAATCTTATTAATGC_TTAAAAAATGTCAAGTTTTTTTACGA,CATAAAAAGACTAATCTTATTAATGC_TTAAAAAATGTCAAGTTTTTTTACGA
EvolvingFront_WGS_Plate5_A05,AACGCAAAACCTAATTTCTTTTTGTG_CATAAAAAGACTAATCTTATTAATGC,AACGCAAAACCTAATTTCTTTTTGTG,CATAAAAAGACTAATCTTATTAATGC,EVO1D_IRAs_rearray_Plate1-G9,CATAAAAAGACTAATCTTATTAATGC_AACGCAAAACCTAATTTCTTTTTGTG,CATAAAAAGACTAATCTTATTAATGC_AACGCAAAACCTAATTTCTTTTTGTG
EvolvingFront_WGS_Plate5_A06,ACATGAACGTGTAATGCGATTGCGGG_GAAATAAACCACAACGACATTCTAAT,ACATGAACGTGTAATGCGATTGCGGG,GAAATAAACCACAACGACATTCTAAT,EVO1D_IRAs_rearray_Plate2-A11,GAAATAAACCACAACGACATTCTAAT_ACATGAACGTGTAATGCGATTGCGGG,GAAATAAACCACAACGACATTCTAAT_ACATGAACGTGTAATGCGATTGCGGG
EvolvingFront_WGS_Plate5_A07,AAGTAAATACTTAACTTTTTTGCCTG_CATAAAAAGACTAATCTTATTAATGC,AAGTAAATACTTAACTTTTTTGCCTG,CATAAAAAGACTAATCTTATTAATGC,EVO1D_IRAs_rearray_Plate2-B4,CATAAAAAGACTAATCTTATTAATGC_AAGTAAATACTTAACTTTTTTGCCTG,CATAAAAAGACTAATCTTATTAATGC_AAGTAAATACTTAACTTTTTTGCCTG
EvolvingFront_WGS_Plate5_A08,ACTCTAAATACAAATATACTTGTGTT_CATAAAAAGACTAATCTTATTAATGC,ACTCTAAATACAAATATACTTGTGTT,CATAAAAAGACTAATCTTATTAATGC,EVO1D_IRAs_rearray_Plate2-B11,CATAAAAAGACTAATCTTATTAATGC_ACTCTAAATACAAATATACTTGTGTT,CATAAAAAGACTAATCTTATTAATGC_ACTCTAAATACAAATATACTTGTGTT
EvolvingFront_WGS_Plate5_A09,_,,,EVO1D_IRAs_rearray_Plate2-E8,CATAAAAAGACTAATCTTATTAATGC_TCGGAAAACTGTAATGCCCTTTGTTA,_
EvolvingFront_WGS_Plate5_A10,AGTAAAACTGGAAATATTTTTGAACC_CATAAAAAGACTAATCTTATTAATGC,AGTAAAACTGGAAATATTTTTGAACC,CATAAAAAGACTAATCTTATTAATGC,EVO1D_IRAs_rearray_Plate2-F6,CATAAAAAGACTAATCTTATTAATGC_AGTAAAACTGGAAATATTTTTGAACC,CATAAAAAGACTAATCTTATTAATGC_AGTAAAACTGGAAATATTTTTGAACC
EvolvingFront_WGS_Plate5_A11,ATAGGAACCTTCAACCCTGTTTACTG_CATAAAAAGACTAATCTTATTAATGC,ATAGGAACCTTCAACCCTGTTTACTG,CATAAAAAGACTAATCTTATTAATGC,EVO1D_IRAs_rearray_Plate2-H4,CATAAAAAGACTAATCTTATTAATGC_ATAGGAACCTTCAACCCTGTTTACTG,CATAAAAAGACTAATCTTATTAATGC_ATAGGAACCTTCAACCCTGTTTACTG
EvolvingFront_WGS_Plate5_A12,ATCTAAACTGTGAAGTCGATTAGTTT_TGTACAAATCTTAAGAAGATTACAAG,ATCTAAACTGTGAAGTCGATTAGTTT,TGTACAAATCTTAAGAAGATTACAAG,EVO1D_IRAs_rearray_Plate3-A10,TGTACAAATCTTAAGAAGATTACAAG_ATCTAAACTGTGAAGTCGATTAGTTT,TGTACAAATCTTAAGAAGATTACAAG_ATCTAAACTGTGAAGTCGATTAGTTT
EvolvingFront_WGS_Plate5_B01,GTGGAAATAAATAATGAGTTTGGATG_CATAAAAAGACTAATCTTATTAATGC,GTGGAAATAAATAATGAGTTTGGATG,CATAAAAAGACTAATCTTATTAATGC,EVO1D_IRAs_rearray_Plate3-D2,CATAAAAAGACTAATCTTATTAATGC_GTGGAAATAAATAATGAGTTTGGATG,CATAAAAAGACTAATCTTATTAATGC_GTGGAAATAAATAATGAGTTTGGATG
EvolvingFront_WGS_Plate5_B02,GCGCAAACATAAAACATTCTTAGTTC_CATAAAAAGACTAATCTTATTAATGC,GCGCAAACATAAAACATTCTTAGTTC,CATAAAAAGACTAATCTTATTAATGC,EVO1D_IRAs_rearray_Plate3-D5,CATAAAAAGACTAATCTTATTAATGC_GCGCAAACATAAAACATTCTTAGTTC,CATAAAAAGACTAATCTTATTAATGC_GCGCAAACATAAAACATTCTTAGTTC
EvolvingFront_WGS_Plate5_B03,AATGGAAGCCGGAAAGTCTTTTATAT_CATAAAAAGACTAATCTTATTAATGC,AATGGAAGCCGGAAAGTCTTTTATAT,CATAAAAAGACTAATCTTATTAATGC,EVO1D_IRAs_rearray_Plate3-F10,CATAAAAAGACTAATCTTATTAATGC_AATGGAAGCCGGAAAGTCTTTTATAT,CATAAAAAGACTAATCTTATTAATGC_AATGGAAGCCGGAAAGTCTTTTATAT
EvolvingFront_WGS_Plate5_B04,CCGAAAAATCTTAATGATCTTACTAG_CATAAAAAGACTAATCTTATTAATGC,CCGAAAAATCTTAATGATCTTACTAG,CATAAAAAGACTAATCTTATTAATGC,EVO1D_IRAs_rearray_Plate4-G4,CATAAAAAGACTAATCTTATTAATGC_CCGAAAAATCTTAATGATCTTACTAG,CATAAAAAGACTAATCTTATTAATGC_CCGAAAAATCTTAATGATCTTACTAG
EvolvingFront_WGS_Plate5_B05,CATCTAAGGGATAATGTTGTTGGTTC_CATAAAAAGACTAATCTTATTAATGC,CATCTAAGGGATAATGTTGTTGGTTC,CATAAAAAGACTAATCTTATTAATGC,EVO1D_IRAs_rearray_Plate4-H9,CATAAAAAGACTAATCTTATTAATGC_CATCTAAGGGATAATGTTGTTGGTTC,CATAAAAAGACTAATCTTATTAATGC_CATCTAAGGGATAATGTTGTTGGTTC
EvolvingFront_WGS_Plate5_B06,TTAGAAACACGTAATTGTTTTAGAAT_CATAAAAAGACTAATCTTATTAATGC,TTAGAAACACGTAATTGTTTTAGAAT,CATAAAAAGACTAATCTTATTAATGC,EVO1D_IRAs_rearray_Plate5-B3,CATAAAAAGACTAATCTTATTAATGC_TTAGAAACACGTAATTGTTTTAGAAT,CATAAAAAGACTAATCTTATTAATGC_TTAGAAACACGTAATTGTTTTAGAAT
EvolvingFront_WGS_Plate5_B07,TCCCTAAAAGTAAAAGTTTTTGAAGG_GAAATAAACCACAACGACATTCTAAT,TCCCTAAAAGTAAAAGTTTTTGAAGG,GAAATAAACCACAACGACATTCTAAT,EVO1D_IRAs_rearray_Plate5-C5,GAAATAAACCACAACGACATTCTAAT_TCCCTAAAAGTAAAAGTTTTTGAAGG,GAAATAAACCACAACGACATTCTAAT_TCCCTAAAAGTAAAAGTTTTTGAAGG
EvolvingFront_WGS_Plate5_B08,TATCTAAGATTAAATACATTTATATT_CATAAAAAGACTAATCTTATTAATGC,TATCTAAGATTAAATACATTTATATT,CATAAAAAGACTAATCTTATTAATGC,EVO1D_IRAs_rearray_Plate5-C9,CATAAAAAGACTAATCTTATTAATGC_TATCTAAGATTAAATACATTTATATT,CATAAAAAGACTAATCTTATTAATGC_TATCTAAGATTAAATACATTTATATT
EvolvingFront_WGS_Plate5_B09,AGAATAATGAACAAAATGCTTTTAAA_CATAAAAAGACTAATCTTATTAATGC,AGAATAATGAACAAAATGCTTTTAAA,CATAAAAAGACTAATCTTATTAATGC,EVO1D_IRAs_rearray_Plate5-C11,CATAAAAAGACTAATCTTATTAATGC_AGAATAATGAACAAAATGCTTTTAAA,CATAAAAAGACTAATCTTATTAATGC_AGAATAATGAACAAAATGCTTTTAAA
EvolvingFront_WGS_Plate5_B10,_,,,EVO1D_TCG_rearray_Plate1-G5,GACAGAAAAGCCAAATGGATTTACCG_CATCGAAAGAAGAAAACTGTTTATGA,_
EvolvingFront_WGS_Plate5_B11,_,,,EVO1D_TCG_rearray_Plate2-C4,CTAGAAATCTCAAAAACTTTTGGCTG_GATAAAATCTAGAATCTAATTAATTT,_
EvolvingFront_WGS_Plate5_B12,ACATAAACCGTGAAGTTGATTAGTGT_ATCAGAAGTTCGAATCAAATTACGAA,ACATAAACCGTGAAGTTGATTAGTGT,ATCAGAAGTTCGAATCAAATTACGAA,EVO1D_TCG_rearray_Plate2-G10,ATCAGAAGTTCGAATCAAATTACGAA_ACATAAACCGTGAAGTTGATTAGTGT,ATCAGAAGTTCGAATCAAATTACGAA_ACATAAACCGTGAAGTTGATTAGTGT
EvolvingFront_WGS_Plate5_C01,_,,,EVO1D_TCG_rearray_Plate3-C6,ATCAGAAGTTCGAATCAAATTACGAA_GAAAAAATGGTCAATTCAGTTTTCGT,_
EvolvingFront_WGS_Plate5_C02,GACTTAAGCACTAATGTGGTTGTTAG_ACTTAAAAAGCAAACATGATTATTCA,GACTTAAGCACTAATGTGGTTGTTAG,ACTTAAAAAGCAAACATGATTATTCA,EVO1D_TCG_rearray_Plate3-F4,ACTTAAAAAGCAAACATGATTATTCA_GACTTAAGCACTAATGTGGTTGTTAG,ACTTAAAAAGCAAACATGATTATTCA_GACTTAAGCACTAATGTGGTTGTTAG
EvolvingFront_WGS_Plate5_C03,GATAGAACTCCTAAGGTTGTTCGCTT_AGAACAAAAACTAAACTCATTCATGG,GATAGAACTCCTAAGGTTGTTCGCTT,AGAACAAAAACTAAACTCATTCATGG,EVO1D_TCG_rearray_Plate3-G3,AGAACAAAAACTAAACTCATTCATGG_GATAGAACTCCTAAGGTTGTTCGCTT,AGAACAAAAACTAAACTCATTCATGG_GATAGAACTCCTAAGGTTGTTCGCTT
EvolvingFront_WGS_Plate5_C04,CCTGCAATACCGAAGGATCTTAATCT_GTATTAAAATTAAAAATAATTGCACA,CCTGCAATACCGAAGGATCTTAATCT,GTATTAAAATTAAAAATAATTGCACA,EVO1D_TCG_rearray_Plate3-G5,GTATTAAAATTAAAAATAATTGCACA_CCTGCAATACCGAAGGATCTTAATCT,GTATTAAAATTAAAAATAATTGCACA_CCTGCAATACCGAAGGATCTTAATCT
EvolvingFront_WGS_Plate5_C05,TGAAGAATTTGGAATGTATTTTTTGA_ATCAGAAGTTCGAATCAAATTACGAA,TGAAGAATTTGGAATGTATTTTTTGA,ATCAGAAGTTCGAATCAAATTACGAA,EVO1D_TCG_rearray_Plate3-H8,ATCAGAAGTTCGAATCAAATTACGAA_TGAAGAATTTGGAATGTATTTTTTGA,ATCAGAAGTTCGAATCAAATTACGAA_TGAAGAATTTGGAATGTATTTTTTGA
EvolvingFront_WGS_Plate5_C06,ACGTAAAAGCTAAAGGGGTTTGCAGG_ACTTAAAAAGCAAACATGATTATTCA,ACGTAAAAGCTAAAGGGGTTTGCAGG,ACTTAAAAAGCAAACATGATTATTCA,EVO1D_TCG_rearray_Plate4-C3,ACTTAAAAAGCAAACATGATTATTCA_ACGTAAAAGCTAAAGGGGTTTGCAGG,ACTTAAAAAGCAAACATGATTATTCA_ACGTAAAAGCTAAAGGGGTTTGCAGG
EvolvingFront_WGS_Plate5_C07,AAATCAAAGACGAAGGTTATTGTTTT_AGAACAAAAACTAAACTCATTCATGG,AAATCAAAGACGAAGGTTATTGTTTT,AGAACAAAAACTAAACTCATTCATGG,EVO1D_TCG_rearray_Plate4-F4,AGAACAAAAACTAAACTCATTCATGG_AAATCAAAGACGAAGGTTATTGTTTT,AGAACAAAAACTAAACTCATTCATGG_AAATCAAAGACGAAGGTTATTGTTTT
EvolvingFront_WGS_Plate5_C08,GCCAAAACGGCGAAAGGACTTTTATC_ATCAGAAGTTCGAATCAAATTACGAA,GCCAAAACGGCGAAAGGACTTTTATC,ATCAGAAGTTCGAATCAAATTACGAA,EVO1D_TCG_rearray_Plate5-D7,ATCAGAAGTTCGAATCAAATTACGAA_GCCAAAACGGCGAAAGGACTTTTATC,ATCAGAAGTTCGAATCAAATTACGAA_GCCAAAACGGCGAAAGGACTTTTATC
EvolvingFront_WGS_Plate5_C09,TCTAAAAGCTGAAACGTATTTGTGGA_AGAACAAAAACTAAACTCATTCATGG,TCTAAAAGCTGAAACGTATTTGTGGA,AGAACAAAAACTAAACTCATTCATGG,EVO1D_TCG_rearray_Plate5-G3,AGAACAAAAACTAAACTCATTCATGG_TCTAAAAGCTGAAACGTATTTGTGGA,AGAACAAAAACTAAACTCATTCATGG_TCTAAAAGCTGAAACGTATTTGTGGA
EvolvingFront_WGS_Plate5_C10,AGGTCAAATGACAAGCATGTTTGAAC_GACAGAAAAGCCAAATGGATTTACCG,AGGTCAAATGACAAGCATGTTTGAAC,GACAGAAAAGCCAAATGGATTTACCG,EVO1D_TCG_rearray_Plate6-C3,GACAGAAAAGCCAAATGGATTTACCG_AGGTCAAATGACAAGCATGTTTGAAC,GACAGAAAAGCCAAATGGATTTACCG_AGGTCAAATGACAAGCATGTTTGAAC
EvolvingFront_WGS_Plate5_C11,CAATAAATCTATAAAATATTTAAGTC_GTATTAAAATTAAAAATAATTGCACA,CAATAAATCTATAAAATATTTAAGTC,GTATTAAAATTAAAAATAATTGCACA,EVO1D_TCG_rearray_Plate6-C5,GTATTAAAATTAAAAATAATTGCACA_CAATAAATCTATAAAATATTTAAGTC,GTATTAAAATTAAAAATAATTGCACA_CAATAAATCTATAAAATATTTAAGTC
EvolvingFront_WGS_Plate5_C12,TGGCAAATTTTGAAGCAGGTTATTCA_ATCAGAAGTTCGAATCAAATTACGAA,TGGCAAATTTTGAAGCAGGTTATTCA,ATCAGAAGTTCGAATCAAATTACGAA,EVO1D_TCG_rearray_Plate6-D6,ATCAGAAGTTCGAATCAAATTACGAA_TGGCAAATTTTGAAGCAGGTTATTCA,ATCAGAAGTTCGAATCAAATTACGAA_TGGCAAATTTTGAAGCAGGTTATTCA
EvolvingFront_WGS_Plate5_D01,ATCCAAAGGGATAAACAATTTATCTA_GACAGAAAAGCCAAATGGATTTACCG,ATCCAAAGGGATAAACAATTTATCTA,GACAGAAAAGCCAAATGGATTTACCG,EVO1D_TCG_rearray_Plate6-H1,GACAGAAAAGCCAAATGGATTTACCG_ATCCAAAGGGATAAACAATTTATCTA,GACAGAAAAGCCAAATGGATTTACCG_ATCCAAAGGGATAAACAATTTATCTA
EvolvingFront_WGS_Plate5_D02,CCGCTAAAACATAAAATTATTTAAAG_TTAAAAATACAAAAAAAGATTTAAGG,CCGCTAAAACATAAAATTATTTAAAG,TTAAAAATACAAAAAAAGATTTAAGG,EVO1D_TCG_rearray_Plate7-B5,TTAAAAATACAAAAAAAGATTTAAGG_CCGCTAAAACATAAAATTATTTAAAG,TTAAAAATACAAAAAAAGATTTAAGG_CCGCTAAAACATAAAATTATTTAAAG
EvolvingFront_WGS_Plate5_D03,GAGGCAATCGAAAACAAAGTTGTTAT_TTAAAAATACAAAAAAAGATTTAAGG,GAGGCAATCGAAAACAAAGTTGTTAT,TTAAAAATACAAAAAAAGATTTAAGG,EVO1D_TCG_rearray_Plate7-B12,TTAAAAATACAAAAAAAGATTTAAGG_GAGGCAATCGAAAACAAAGTTGTTAT,TTAAAAATACAAAAAAAGATTTAAGG_GAGGCAATCGAAAACAAAGTTGTTAT
EvolvingFront_WGS_Plate5_D04,CGATCAAAAAGTAAGTTAATTCGTTC_ATCAGAAGTTCGAATCAAATTACGAA,CGATCAAAAAGTAAGTTAATTCGTTC,ATCAGAAGTTCGAATCAAATTACGAA,EVO1D_TCG_rearray_Plate7-D4,ATCAGAAGTTCGAATCAAATTACGAA_CGATCAAAAAGTAAGTTAATTCGTTC,ATCAGAAGTTCGAATCAAATTACGAA_CGATCAAAAAGTAAGTTAATTCGTTC
EvolvingFront_WGS_Plate5_D05,ATGACAATTATTAAAGCGGTTGTCGA_ATCAGAAGTTCGAATCAAATTACGAA,ATGACAATTATTAAAGCGGTTGTCGA,ATCAGAAGTTCGAATCAAATTACGAA,EVO1D_TCG_rearray_Plate7-E10,ATCAGAAGTTCGAATCAAATTACGAA_ATGACAATTATTAAAGCGGTTGTCGA,ATCAGAAGTTCGAATCAAATTACGAA_ATGACAATTATTAAAGCGGTTGTCGA
EvolvingFront_WGS_Plate5_D06,GAGTGAAACATGAATGGTATTCATCA_TGATCAATCTACAAAAATATTTAATG,GAGTGAAACATGAATGGTATTCATCA,TGATCAATCTACAAAAATATTTAATG,EVO2D_IRA1_MIS_rearray_Plate1-A1,TGATCAATCTACAAAAATATTTAATG_GAGTGAAACATGAATGGTATTCATCA,TGATCAATCTACAAAAATATTTAATG_GAGTGAAACATGAATGGTATTCATCA
EvolvingFront_WGS_Plate5_D07,TTGAAAACATGAAAAACGGTTGTCCA_CATTGAATCACAAAATAGGTTAGATG,TTGAAAACATGAAAAACGGTTGTCCA,CATTGAATCACAAAATAGGTTAGATG,EVO2D_IRA1_MIS_rearray_Plate1-A2,CATTGAATCACAAAATAGGTTAGATG_TTGAAAACATGAAAAACGGTTGTCCA,CATTGAATCACAAAATAGGTTAGATG_TTGAAAACATGAAAAACGGTTGTCCA
EvolvingFront_WGS_Plate5_D08,ATAGAAAACATGAAAATGGTTGGGTT_TGATCAATCTACAAAAATATTTAATG,ATAGAAAACATGAAAATGGTTGGGTT,TGATCAATCTACAAAAATATTTAATG,EVO2D_IRA1_MIS_rearray_Plate1-A3,TGATCAATCTACAAAAATATTTAATG_ATAGAAAACATGAAAATGGTTGGGTT,TGATCAATCTACAAAAATATTTAATG_ATAGAAAACATGAAAATGGTTGGGTT
EvolvingFront_WGS_Plate5_D09,ATCGTAAGCGTGAAAGGGTTTTTCTC_CATTGAATCACAAAATAGGTTAGATG,ATCGTAAGCGTGAAAGGGTTTTTCTC,CATTGAATCACAAAATAGGTTAGATG,EVO2D_IRA1_MIS_rearray_Plate1-A4,CATTGAATCACAAAATAGGTTAGATG_ATCGTAAGCGTGAAAGGGTTTTTCTC,CATTGAATCACAAAATAGGTTAGATG_ATCGTAAGCGTGAAAGGGTTTTTCTC
EvolvingFront_WGS_Plate5_D10,ATCATAATTGTCAAGTCATTTATTAG_CATTGAATCACAAAATAGGTTAGATG,ATCATAATTGTCAAGTCATTTATTAG,CATTGAATCACAAAATAGGTTAGATG,EVO2D_IRA1_MIS_rearray_Plate1-A6,CATTGAATCACAAAATAGGTTAGATG_ATCATAATTGTCAAGTCATTTATTAG,CATTGAATCACAAAATAGGTTAGATG_ATCATAATTGTCAAGTCATTTATTAG
EvolvingFront_WGS_Plate5_D11,ATCAAAACTACCAATACTCTTTATTT_TGATCAATCTACAAAAATATTTAATG,ATCAAAACTACCAATACTCTTTATTT,TGATCAATCTACAAAAATATTTAATG,EVO2D_IRA1_MIS_rearray_Plate1-A11,TGATCAATCTACAAAAATATTTAATG_ATCAAAACTACCAATACTCTTTATTT,TGATCAATCTACAAAAATATTTAATG_ATCAAAACTACCAATACTCTTTATTT
EvolvingFront_WGS_Plate5_D12,TGGACAATACCAAAGCTCCTTTGCCG_CATTGAATCACAAAATAGGTTAGATG,TGGACAATACCAAAGCTCCTTTGCCG,CATTGAATCACAAAATAGGTTAGATG,EVO2D_IRA1_MIS_rearray_Plate1-A12,CATTGAATCACAAAATAGGTTAGATG_TGGACAATACCAAAGCTCCTTTGCCG,CATTGAATCACAAAATAGGTTAGATG_TGGACAATACCAAAGCTCCTTTGCCG
EvolvingFront_WGS_Plate5_E01,CCGGGAAGAAAGAAACGGATTACTAG_TGATCAATCTACAAAAATATTTAATG,CCGGGAAGAAAGAAACGGATTACTAG,TGATCAATCTACAAAAATATTTAATG,EVO2D_IRA1_MIS_rearray_Plate1-B1,TGATCAATCTACAAAAATATTTAATG_CCGGGAAGAAAGAAACGGATTACTAG,TGATCAATCTACAAAAATATTTAATG_CCGGGAAGAAAGAAACGGATTACTAG
EvolvingFront_WGS_Plate5_E02,CCGAGAATACAGAATTTAATTTGTGT_CATTGAATCACAAAATAGGTTAGATG,CCGAGAATACAGAATTTAATTTGTGT,CATTGAATCACAAAATAGGTTAGATG,EVO2D_IRA1_MIS_rearray_Plate1-B2,CATTGAATCACAAAATAGGTTAGATG_CCGAGAATACAGAATTTAATTTGTGT,CATTGAATCACAAAATAGGTTAGATG_CCGAGAATACAGAATTTAATTTGTGT
EvolvingFront_WGS_Plate5_E03,CTAGGAACATAGAAGGTTTTTGGATT_CATTGAATCACAAAATAGGTTAGATG,CTAGGAACATAGAAGGTTTTTGGATT,CATTGAATCACAAAATAGGTTAGATG,EVO2D_IRA1_MIS_rearray_Plate1-B5,CATTGAATCACAAAATAGGTTAGATG_CTAGGAACATAGAAGGTTTTTGGATT,CATTGAATCACAAAATAGGTTAGATG_CTAGGAACATAGAAGGTTTTTGGATT
EvolvingFront_WGS_Plate5_E04,ACACAAAAAGTTAAGGTGGTTGAGCA_TGATCAATCTACAAAAATATTTAATG,ACACAAAAAGTTAAGGTGGTTGAGCA,TGATCAATCTACAAAAATATTTAATG,EVO2D_IRA1_MIS_rearray_Plate1-B7,TGATCAATCTACAAAAATATTTAATG_ACACAAAAAGTTAAGGTGGTTGAGCA,TGATCAATCTACAAAAATATTTAATG_ACACAAAAAGTTAAGGTGGTTGAGCA
EvolvingFront_WGS_Plate5_E05,CAAGGAAATACGAACTTACTTATGAC_CATTGAATCACAAAATAGGTTAGATG,CAAGGAAATACGAACTTACTTATGAC,CATTGAATCACAAAATAGGTTAGATG,EVO2D_IRA1_MIS_rearray_Plate1-B8,CATTGAATCACAAAATAGGTTAGATG_CAAGGAAATACGAACTTACTTATGAC,CATTGAATCACAAAATAGGTTAGATG_CAAGGAAATACGAACTTACTTATGAC
EvolvingFront_WGS_Plate5_E06,GACAAAAACTACAATAGTCTTTTACC_TGATCAATCTACAAAAATATTTAATG,GACAAAAACTACAATAGTCTTTTACC,TGATCAATCTACAAAAATATTTAATG,EVO2D_IRA1_MIS_rearray_Plate1-B11,TGATCAATCTACAAAAATATTTAATG_GACAAAAACTACAATAGTCTTTTACC,TGATCAATCTACAAAAATATTTAATG_GACAAAAACTACAATAGTCTTTTACC
EvolvingFront_WGS_Plate5_E07,AATTTAAACATTAATTCGTTTTTTAT_TGATCAATCTACAAAAATATTTAATG,AATTTAAACATTAATTCGTTTTTTAT,TGATCAATCTACAAAAATATTTAATG,EVO2D_IRA1_MIS_rearray_Plate1-B12,TGATCAATCTACAAAAATATTTAATG_AATTTAAACATTAATTCGTTTTTTAT,TGATCAATCTACAAAAATATTTAATG_AATTTAAACATTAATTCGTTTTTTAT
EvolvingFront_WGS_Plate5_E08,GCTCTAATTTATAATACATTTAAGTA_CATTGAATCACAAAATAGGTTAGATG,GCTCTAATTTATAATACATTTAAGTA,CATTGAATCACAAAATAGGTTAGATG,EVO2D_IRA1_MIS_rearray_Plate1-C1,CATTGAATCACAAAATAGGTTAGATG_GCTCTAATTTATAATACATTTAAGTA,CATTGAATCACAAAATAGGTTAGATG_GCTCTAATTTATAATACATTTAAGTA
EvolvingFront_WGS_Plate5_E09,GAGACAAGCCTTAATTGGGTTCTACG_CATTGAATCACAAAATAGGTTAGATG,GAGACAAGCCTTAATTGGGTTCTACG,CATTGAATCACAAAATAGGTTAGATG,EVO2D_IRA1_MIS_rearray_Plate1-C2,CATTGAATCACAAAATAGGTTAGATG_GAGACAAGCCTTAATTGGGTTCTACG,CATTGAATCACAAAATAGGTTAGATG_GAGACAAGCCTTAATTGGGTTCTACG
EvolvingFront_WGS_Plate5_E10,CCGGAAAGCTGAAATATATTTTTTAT_TGATCAATCTACAAAAATATTTAATG,CCGGAAAGCTGAAATATATTTTTTAT,TGATCAATCTACAAAAATATTTAATG,EVO2D_IRA1_MIS_rearray_Plate1-C5,TGATCAATCTACAAAAATATTTAATG_CCGGAAAGCTGAAATATATTTTTTAT,TGATCAATCTACAAAAATATTTAATG_CCGGAAAGCTGAAATATATTTTTTAT
EvolvingFront_WGS_Plate5_E11,CATAGAAAGAAAAAGTTTGTTCTGCC_TGATCAATCTACAAAAATATTTAATG,CATAGAAAGAAAAAGTTTGTTCTGCC,TGATCAATCTACAAAAATATTTAATG,EVO2D_IRA1_MIS_rearray_Plate1-C7,TGATCAATCTACAAAAATATTTAATG_CATAGAAAGAAAAAGTTTGTTCTGCC,TGATCAATCTACAAAAATATTTAATG_CATAGAAAGAAAAAGTTTGTTCTGCC
EvolvingFront_WGS_Plate5_E12,ATTATAAATCAGAATTGCGTTTGGCA_CATTGAATCACAAAATAGGTTAGATG,ATTATAAATCAGAATTGCGTTTGGCA,CATTGAATCACAAAATAGGTTAGATG,EVO2D_IRA1_MIS_rearray_Plate1-C8,CATTGAATCACAAAATAGGTTAGATG_ATTATAAATCAGAATTGCGTTTGGCA,CATTGAATCACAAAATAGGTTAGATG_ATTATAAATCAGAATTGCGTTTGGCA
EvolvingFront_WGS_Plate5_F01,TCCGCAAGACGGAATTTGGTTTGTTG_TGATCAATCTACAAAAATATTTAATG,TCCGCAAGACGGAATTTGGTTTGTTG,TGATCAATCTACAAAAATATTTAATG,EVO2D_IRA1_MIS_rearray_Plate1-C9,TGATCAATCTACAAAAATATTTAATG_TCCGCAAGACGGAATTTGGTTTGTTG,TGATCAATCTACAAAAATATTTAATG_TCCGCAAGACGGAATTTGGTTTGTTG
EvolvingFront_WGS_Plate5_F02,ACGTAAATTAAAAAGCCAGTTCATCA_TGATCAATCTACAAAAATATTTAATG,ACGTAAATTAAAAAGCCAGTTCATCA,TGATCAATCTACAAAAATATTTAATG,EVO2D_IRA1_MIS_rearray_Plate1-C11,TGATCAATCTACAAAAATATTTAATG_ACGTAAATTAAAAAGCCAGTTCATCA,TGATCAATCTACAAAAATATTTAATG_ACGTAAATTAAAAAGCCAGTTCATCA
EvolvingFront_WGS_Plate5_F03,CTGATAAAATTAAAGTTCATTAATTT_CATTGAATCACAAAATAGGTTAGATG,CTGATAAAATTAAAGTTCATTAATTT,CATTGAATCACAAAATAGGTTAGATG,EVO2D_IRA1_MIS_rearray_Plate1-D1,CATTGAATCACAAAATAGGTTAGATG_CTGATAAAATTAAAGTTCATTAATTT,CATTGAATCACAAAATAGGTTAGATG_CTGATAAAATTAAAGTTCATTAATTT
EvolvingFront_WGS_Plate5_F04,CTCTTAAACAGGAAATATATTATAGA_TGATCAATCTACAAAAATATTTAATG,CTCTTAAACAGGAAATATATTATAGA,TGATCAATCTACAAAAATATTTAATG,EVO2D_IRA1_MIS_rearray_Plate1-D2,TGATCAATCTACAAAAATATTTAATG_CTCTTAAACAGGAAATATATTATAGA,TGATCAATCTACAAAAATATTTAATG_CTCTTAAACAGGAAATATATTATAGA
EvolvingFront_WGS_Plate5_F05,TGTGGAACGCAAAAGGAAATTCTTGC_TGATCAATCTACAAAAATATTTAATG,TGTGGAACGCAAAAGGAAATTCTTGC,TGATCAATCTACAAAAATATTTAATG,EVO2D_IRA1_MIS_rearray_Plate1-D4,TGATCAATCTACAAAAATATTTAATG_TGTGGAACGCAAAAGGAAATTCTTGC,TGATCAATCTACAAAAATATTTAATG_TGTGGAACGCAAAAGGAAATTCTTGC
EvolvingFront_WGS_Plate5_F06,ACACTAACTCTCAACTATTTAGTTT_TGATCAATCTACAAAAATATTTAATG,ACACTAACTCTCAACTATTTAGTTT,TGATCAATCTACAAAAATATTTAATG,EVO2D_IRA1_MIS_rearray_Plate1-D7,TGATCAATCTACAAAAATATTTAATG_ACACTAACTCTCAACTATTTAGTTT,TGATCAATCTACAAAAATATTTAATG_ACACTAACTCTCAACTATTTAGTTT
EvolvingFront_WGS_Plate5_F07,AACTGAAGACTAAATATGATTTCGGT_TGATCAATCTACAAAAATATTTAATG,AACTGAAGACTAAATATGATTTCGGT,TGATCAATCTACAAAAATATTTAATG,EVO2D_IRA1_MIS_rearray_Plate1-D10,TGATCAATCTACAAAAATATTTAATG_AACTGAAGACTAAATATGATTTCGGT,TGATCAATCTACAAAAATATTTAATG_AACTGAAGACTAAATATGATTTCGGT
EvolvingFront_WGS_Plate5_F08,AGATTAACACAGAATCTCGTTAGACC_CATTGAATCACAAAATAGGTTAGATG,AGATTAACACAGAATCTCGTTAGACC,CATTGAATCACAAAATAGGTTAGATG,EVO2D_IRA1_MIS_rearray_Plate1-D12,CATTGAATCACAAAATAGGTTAGATG_AGATTAACACAGAATCTCGTTAGACC,CATTGAATCACAAAATAGGTTAGATG_AGATTAACACAGAATCTCGTTAGACC
EvolvingFront_WGS_Plate5_F09,TATATAAGATGCAATCCCTTTATGCG_TGATCAATCTACAAAAATATTTAATG,TATATAAGATGCAATCCCTTTATGCG,TGATCAATCTACAAAAATATTTAATG,EVO2D_IRA1_MIS_rearray_Plate1-E1,TGATCAATCTACAAAAATATTTAATG_TATATAAGATGCAATCCCTTTATGCG,TGATCAATCTACAAAAATATTTAATG_TATATAAGATGCAATCCCTTTATGCG
EvolvingFront_WGS_Plate5_F10,TTGATAACAAACAAAGCGATTACAAT_CATTGAATCACAAAATAGGTTAGATG,TTGATAACAAACAAAGCGATTACAAT,CATTGAATCACAAAATAGGTTAGATG,EVO2D_IRA1_MIS_rearray_Plate1-E2,CATTGAATCACAAAATAGGTTAGATG_TTGATAACAAACAAAGCGATTACAAT,CATTGAATCACAAAATAGGTTAGATG_TTGATAACAAACAAAGCGATTACAAT
EvolvingFront_WGS_Plate5_F11,GGGCGAAACTGCAAGGCAGTTAGGCG_TGATCAATCTACAAAAATATTTAATG,GGGCGAAACTGCAAGGCAGTTAGGCG,TGATCAATCTACAAAAATATTTAATG,EVO2D_IRA1_MIS_rearray_Plate1-G4,TGATCAATCTACAAAAATATTTAATG_GGGCGAAACTGCAAGGCAGTTAGGCG,TGATCAATCTACAAAAATATTTAATG_GGGCGAAACTGCAAGGCAGTTAGGCG
EvolvingFront_WGS_Plate5_F12,TAAACAACATTTAATTACTTTCGAAT_CATTGAATCACAAAATAGGTTAGATG,TAAACAACATTTAATTACTTTCGAAT,CATTGAATCACAAAATAGGTTAGATG,EVO2D_IRA1_MIS_rearray_Plate1-G8,CATTGAATCACAAAATAGGTTAGATG_TAAACAACATTTAATTACTTTCGAAT,CATTGAATCACAAAATAGGTTAGATG_TAAACAACATTTAATTACTTTCGAAT
EvolvingFront_WGS_Plate5_G01,GTACCAATATACAATGCACTTTATCA_CATTGAATCACAAAATAGGTTAGATG,GTACCAATATACAATGCACTTTATCA,CATTGAATCACAAAATAGGTTAGATG,EVO2D_IRA1_MIS_rearray_Plate1-G12,CATTGAATCACAAAATAGGTTAGATG_GTACCAATATACAATGCACTTTATCA,CATTGAATCACAAAATAGGTTAGATG_GTACCAATATACAATGCACTTTATCA
EvolvingFront_WGS_Plate5_G02,AACTTAAAGCCTAAATCATTTCCTCT_CATTGAATCACAAAATAGGTTAGATG,AACTTAAAGCCTAAATCATTTCCTCT,CATTGAATCACAAAATAGGTTAGATG,EVO2D_IRA1_MIS_rearray_Plate1-H1,CATTGAATCACAAAATAGGTTAGATG_AACTTAAAGCCTAAATCATTTCCTCT,CATTGAATCACAAAATAGGTTAGATG_AACTTAAAGCCTAAATCATTTCCTCT
EvolvingFront_WGS_Plate5_G03,AAGGGAAGGGGGAAGGGGTTTGAAGC_CATTGAATCACAAAATAGGTTAGATG,AAGGGAAGGGGGAAGGGGTTTGAAGC,CATTGAATCACAAAATAGGTTAGATG,EVO2D_IRA1_MIS_rearray_Plate1-H12,CATTGAATCACAAAATAGGTTAGATG_AAGGGAAGGGGGAAGGGGTTTGAAGC,CATTGAATCACAAAATAGGTTAGATG_AAGGGAAGGGGGAAGGGGTTTGAAGC
EvolvingFront_WGS_Plate5_G04,AGACTAACATCGAACGCTTTTACACA_CATTGAATCACAAAATAGGTTAGATG,AGACTAACATCGAACGCTTTTACACA,CATTGAATCACAAAATAGGTTAGATG,EVO2D_IRA1_MIS_rearray_Plate2-C4,CATTGAATCACAAAATAGGTTAGATG_AGACTAACATCGAACGCTTTTACACA,CATTGAATCACAAAATAGGTTAGATG_AGACTAACATCGAACGCTTTTACACA
EvolvingFront_WGS_Plate5_G05,TGATAAATACATAAAGTATTTCTTGA_TGATCAATCTACAAAAATATTTAATG,TGATAAATACATAAAGTATTTCTTGA,TGATCAATCTACAAAAATATTTAATG,EVO2D_IRA1_MIS_rearray_Plate2-D5,TGATCAATCTACAAAAATATTTAATG_TGATAAATACATAAAGTATTTCTTGA,TGATCAATCTACAAAAATATTTAATG_TGATAAATACATAAAGTATTTCTTGA
EvolvingFront_WGS_Plate5_G06,GAAGGAATGGTCAACGTCTTTACCAC_CATTGAATCACAAAATAGGTTAGATG,GAAGGAATGGTCAACGTCTTTACCAC,CATTGAATCACAAAATAGGTTAGATG,EVO2D_IRA1_MIS_rearray_Plate2-D8,CATTGAATCACAAAATAGGTTAGATG_GAAGGAATGGTCAACGTCTTTACCAC,CATTGAATCACAAAATAGGTTAGATG_GAAGGAATGGTCAACGTCTTTACCAC
EvolvingFront_WGS_Plate5_G07,TGAAAAAATAATAATATGATTCCGTT_CCAACAAAACACAAATCTGTTGTGTA,TGAAAAAATAATAATATGATTCCGTT,CCAACAAAACACAAATCTGTTGTGTA,EVO2D_IRA1_NON_rearray_Plate1-A5,CCAACAAAACACAAATCTGTTGTGTA_TGAAAAAATAATAATATGATTCCGTT,CCAACAAAACACAAATCTGTTGTGTA_TGAAAAAATAATAATATGATTCCGTT
EvolvingFront_WGS_Plate5_G08,TCAATAACAATCAAGGTGGTTGTGTG_CCAACAAAACACAAATCTGTTGTGTA,TCAATAACAATCAAGGTGGTTGTGTG,CCAACAAAACACAAATCTGTTGTGTA,EVO2D_IRA1_NON_rearray_Plate1-B6,CCAACAAAACACAAATCTGTTGTGTA_TCAATAACAATCAAGGTGGTTGTGTG,CCAACAAAACACAAATCTGTTGTGTA_TCAATAACAATCAAGGTGGTTGTGTG
EvolvingFront_WGS_Plate5_G09,GGGACAATCGTAAATCGCTTTCACAT_CCAACAAAACACAAATCTGTTGTGTA,GGGACAATCGTAAATCGCTTTCACAT,CCAACAAAACACAAATCTGTTGTGTA,EVO2D_IRA1_NON_rearray_Plate1-C7,CCAACAAAACACAAATCTGTTGTGTA_GGGACAATCGTAAATCGCTTTCACAT,CCAACAAAACACAAATCTGTTGTGTA_GGGACAATCGTAAATCGCTTTCACAT
EvolvingFront_WGS_Plate5_G10,TAATTAACAATTAAGAATTTTTAGAG_CCAACAAAACACAAATCTGTTGTGTA,TAATTAACAATTAAGAATTTTTAGAG,CCAACAAAACACAAATCTGTTGTGTA,EVO2D_IRA1_NON_rearray_Plate1-H10,CCAACAAAACACAAATCTGTTGTGTA_TAATTAACAATTAAGAATTTTTAGAG,CCAACAAAACACAAATCTGTTGTGTA_TAATTAACAATTAAGAATTTTTAGAG
EvolvingFront_WGS_Plate5_G11,GGTTCAACCATTAATGGCGTTGGCCT_CCAACAAAACACAAATCTGTTGTGTA,GGTTCAACCATTAATGGCGTTGGCCT,CCAACAAAACACAAATCTGTTGTGTA,EVO2D_IRA1_NON_rearray_Plate1-H12,CCAACAAAACACAAATCTGTTGTGTA_GGTTCAACCATTAATGGCGTTGGCCT,CCAACAAAACACAAATCTGTTGTGTA_GGTTCAACCATTAATGGCGTTGGCCT
EvolvingFront_WGS_Plate5_G12,ATCAAAATATACAATAAGGTTATATT_CCAACAAAACACAAATCTGTTGTGTA,ATCAAAATATACAATAAGGTTATATT,CCAACAAAACACAAATCTGTTGTGTA,EVO2D_IRA1_NON_rearray_Plate2-B2,CCAACAAAACACAAATCTGTTGTGTA_ATCAAAATATACAATAAGGTTATATT,CCAACAAAACACAAATCTGTTGTGTA_ATCAAAATATACAATAAGGTTATATT
EvolvingFront_WGS_Plate5_H01,GTCTTAAATGGTAACACATTTCGGAA_CCAACAAAACACAAATCTGTTGTGTA,GTCTTAAATGGTAACACATTTCGGAA,CCAACAAAACACAAATCTGTTGTGTA,EVO2D_IRA1_NON_rearray_Plate2-C1,CCAACAAAACACAAATCTGTTGTGTA_GTCTTAAATGGTAACACATTTCGGAA,CCAACAAAACACAAATCTGTTGTGTA_GTCTTAAATGGTAACACATTTCGGAA
EvolvingFront_WGS_Plate5_H02,TCTTGAAGCTTAAAATGTGTTTTTAT_CCAACAAAACACAAATCTGTTGTGTA,TCTTGAAGCTTAAAATGTGTTTTTAT,CCAACAAAACACAAATCTGTTGTGTA,EVO2D_IRA1_NON_rearray_Plate3-C6,CCAACAAAACACAAATCTGTTGTGTA_TCTTGAAGCTTAAAATGTGTTTTTAT,CCAACAAAACACAAATCTGTTGTGTA_TCTTGAAGCTTAAAATGTGTTTTTAT
EvolvingFront_WGS_Plate5_H03,AAGAAAACAAAGAATAGATTTGCCAA_TATCGAAACCCAAAGAGATTTAATCG,AAGAAAACAAAGAATAGATTTGCCAA,TATCGAAACCCAAAGAGATTTAATCG,EVO3D_IRA1_MIS_rearray_Plate1-A4,TATCGAAACCCAAAGAGATTTAATCG_AAGAAAACAAAGAATAGATTTGCCAA,TATCGAAACCCAAAGAGATTTAATCG_AAGAAAACAAAGAATAGATTTGCCAA
EvolvingFront_WGS_Plate5_H04,TAGCCAACATGTAATCAACTTAATAT_TATCGAAACCCAAAGAGATTTAATCG,TAGCCAACATGTAATCAACTTAATAT,TATCGAAACCCAAAGAGATTTAATCG,EVO3D_IRA1_MIS_rearray_Plate1-B5,TATCGAAACCCAAAGAGATTTAATCG_TAGCCAACATGTAATCAACTTAATAT,TATCGAAACCCAAAGAGATTTAATCG_TAGCCAACATGTAATCAACTTAATAT
EvolvingFront_WGS_Plate5_H05,TCACTAATAGTAAAACTATTTCTGAA_TATCGAAACCCAAAGAGATTTAATCG,TCACTAATAGTAAAACTATTTCTGAA,TATCGAAACCCAAAGAGATTTAATCG,EVO3D_IRA1_MIS_rearray_Plate1-B10,TATCGAAACCCAAAGAGATTTAATCG_TCACTAATAGTAAAACTATTTCTGAA,TATCGAAACCCAAAGAGATTTAATCG_TCACTAATAGTAAAACTATTTCTGAA
EvolvingFront_WGS_Plate5_H06,CACCTAAACTACAAACTTATTAAGAT_TATCGAAACCCAAAGAGATTTAATCG,CACCTAAACTACAAACTTATTAAGAT,TATCGAAACCCAAAGAGATTTAATCG,EVO3D_IRA1_MIS_rearray_Plate1-C5,TATCGAAACCCAAAGAGATTTAATCG_CACCTAAACTACAAACTTATTAAGAT,TATCGAAACCCAAAGAGATTTAATCG_CACCTAAACTACAAACTTATTAAGAT
EvolvingFront_WGS_Plate5_H07,TCACCAATCCAAAAGTCACTTGATTC_TATCGAAACCCAAAGAGATTTAATCG,TCACCAATCCAAAAGTCACTTGATTC,TATCGAAACCCAAAGAGATTTAATCG,EVO3D_IRA1_MIS_rearray_Plate1-C7,TATCGAAACCCAAAGAGATTTAATCG_TCACCAATCCAAAAGTCACTTGATTC,TATCGAAACCCAAAGAGATTTAATCG_TCACCAATCCAAAAGTCACTTGATTC
EvolvingFront_WGS_Plate5_H08,GCACAAACTTTTAATCGGATTGAGAG_ATCACAATAACTAAACTGATTCTTCA,GCACAAACTTTTAATCGGATTGAGAG,ATCACAATAACTAAACTGATTCTTCA,EVO3D_IRA1_NON_rearray_Plate1-A7,ATCACAATAACTAAACTGATTCTTCA_GCACAAACTTTTAATCGGATTGAGAG,ATCACAATAACTAAACTGATTCTTCA_GCACAAACTTTTAATCGGATTGAGAG
EvolvingFront_WGS_Plate5_H09,GACACAACGAAGAAATATATTTGAAC_ATCACAATAACTAAACTGATTCTTCA,GACACAACGAAGAAATATATTTGAAC,ATCACAATAACTAAACTGATTCTTCA,EVO3D_IRA1_NON_rearray_Plate1-D2,ATCACAATAACTAAACTGATTCTTCA_GACACAACGAAGAAATATATTTGAAC,ATCACAATAACTAAACTGATTCTTCA_GACACAACGAAGAAATATATTTGAAC
EvolvingFront_WGS_Plate5_H10,AGCGAAACCTGCAAGCAACTTGCTAG_ATCACAATAACTAAACTGATTCTTCA,AGCGAAACCTGCAAGCAACTTGCTAG,ATCACAATAACTAAACTGATTCTTCA,EVO3D_IRA1_NON_rearray_Plate1-E4,ATCACAATAACTAAACTGATTCTTCA_AGCGAAACCTGCAAGCAACTTGCTAG,ATCACAATAACTAAACTGATTCTTCA_AGCGAAACCTGCAAGCAACTTGCTAG
EvolvingFront_WGS_Plate5_H11,TATCAAAATTATAATACTATTGGATA_ATCACAATAACTAAACTGATTCTTCA,TATCAAAATTATAATACTATTGGATA,ATCACAATAACTAAACTGATTCTTCA,EVO3D_IRA1_NON_rearray_Plate2-B9,ATCACAATAACTAAACTGATTCTTCA_TATCAAAATTATAATACTATTGGATA,ATCACAATAACTAAACTGATTCTTCA_TATCAAAATTATAATACTATTGGATA
