file_prefix,sample
18032FL-96-07-05,EVO3D_IRA1_NON_rearray_Plate1-D5
18032FL-96-08-01,EVO3D_IRA1_NON_rearray_Plate1-D7
18032FL-96-08-05,EVO3D_IRA1_NON_rearray_Plate1-E1
18032FL-96-09-01,EVO3D_IRA1_NON_rearray_Plate1-E2
18032FL-96-09-05,EVO3D_IRA1_NON_rearray_Plate1-E4
18032FL-96-10-01,EVO3D_IRA1_NON_rearray_Plate1-E8
18032FL-96-07-02,EVO3D_IRA1_NON_rearray_Plate2-B10
18032FL-96-07-06,EVO3D_IRA1_NON_rearray_Plate2-B11
18032FL-96-08-02,EVO3D_IRA1_NON_rearray_Plate2-B12
18032FL-96-08-06,EVO3D_IRA1_NON_rearray_Plate2-C3
18032FL-96-09-02,EVO3D_IRA1_NON_rearray_Plate2-C4
18032FL-96-09-06,EVO3D_IRA1_NON_rearray_Plate2-C10
18032FL-96-10-02,EVO3D_IRA1_NON_rearray_Plate2-C11
18032FL-111Q2-02-01,EvolvingFront_WGS_Plate3_A01
18032FL-111Q2-02-09,EvolvingFront_WGS_Plate3_A02
18032FL-111Q2-02-17,EvolvingFront_WGS_Plate3_A03
18032FL-111Q2-02-25,EvolvingFront_WGS_Plate3_A04
18032FL-111Q2-02-33,EvolvingFront_WGS_Plate3_A05
18032FL-111Q2-02-41,EvolvingFront_WGS_Plate3_A06
18032FL-111Q2-02-49,EvolvingFront_WGS_Plate3_A07
18032FL-111Q2-02-57,EvolvingFront_WGS_Plate3_A08
18032FL-111Q2-02-65,EvolvingFront_WGS_Plate3_A09
18032FL-111Q2-02-73,EvolvingFront_WGS_Plate3_A10
18032FL-111Q2-02-81,EvolvingFront_WGS_Plate3_A11
18032FL-111Q2-02-89,EvolvingFront_WGS_Plate3_A12
18032FL-111Q2-02-02,EvolvingFront_WGS_Plate3_B01
18032FL-111Q2-02-10,EvolvingFront_WGS_Plate3_B02
18032FL-111Q2-02-18,EvolvingFront_WGS_Plate3_B03
18032FL-111Q2-02-26,EvolvingFront_WGS_Plate3_B04
18032FL-111Q2-02-34,EvolvingFront_WGS_Plate3_B05
18032FL-111Q2-02-42,EvolvingFront_WGS_Plate3_B06
18032FL-111Q2-02-50,EvolvingFront_WGS_Plate3_B07
18032FL-111Q2-02-58,EvolvingFront_WGS_Plate3_B08
18032FL-111Q2-02-66,EvolvingFront_WGS_Plate3_B09
18032FL-111Q2-02-74,EvolvingFront_WGS_Plate3_B10
18032FL-111Q2-02-82,EvolvingFront_WGS_Plate3_B11
18032FL-111Q2-02-90,EvolvingFront_WGS_Plate3_B12
18032FL-111Q2-02-03,EvolvingFront_WGS_Plate3_C01
18032FL-111Q2-02-11,EvolvingFront_WGS_Plate3_C02
18032FL-111Q2-02-19,EvolvingFront_WGS_Plate3_C03
18032FL-111Q2-02-27,EvolvingFront_WGS_Plate3_C04
18032FL-111Q2-02-35,EvolvingFront_WGS_Plate3_C05
18032FL-111Q2-02-43,EvolvingFront_WGS_Plate3_C06
18032FL-111Q2-02-51,EvolvingFront_WGS_Plate3_C07
18032FL-111Q2-02-59,EvolvingFront_WGS_Plate3_C08
18032FL-111Q2-02-67,EvolvingFront_WGS_Plate3_C09
18032FL-111Q2-02-75,EvolvingFront_WGS_Plate3_C10
18032FL-111Q2-02-83,EvolvingFront_WGS_Plate3_C11
18032FL-111Q2-02-91,EvolvingFront_WGS_Plate3_C12
18032FL-111Q2-02-04,EvolvingFront_WGS_Plate3_D01
18032FL-111Q2-02-12,EvolvingFront_WGS_Plate3_D02
18032FL-111Q2-02-20,EvolvingFront_WGS_Plate3_D03
18032FL-111Q2-02-28,EvolvingFront_WGS_Plate3_D04
18032FL-111Q2-02-36,EvolvingFront_WGS_Plate3_D05
18032FL-111Q2-02-44,EvolvingFront_WGS_Plate3_D06
18032FL-111Q2-02-52,EvolvingFront_WGS_Plate3_D07
18032FL-111Q2-02-60,EvolvingFront_WGS_Plate3_D08
18032FL-111Q2-02-68,EvolvingFront_WGS_Plate3_D09
18032FL-111Q2-02-76,EvolvingFront_WGS_Plate3_D10
18032FL-111Q2-02-84,EvolvingFront_WGS_Plate3_D11
18032FL-111Q2-02-92,EvolvingFront_WGS_Plate3_D12
18032FL-111Q2-02-05,EvolvingFront_WGS_Plate3_E01
18032FL-111Q2-02-13,EvolvingFront_WGS_Plate3_E02
18032FL-111Q2-02-21,EvolvingFront_WGS_Plate3_E03
18032FL-111Q2-02-29,EvolvingFront_WGS_Plate3_E04
18032FL-111Q2-02-37,EvolvingFront_WGS_Plate3_E05
18032FL-111Q2-02-45,EvolvingFront_WGS_Plate3_E06
18032FL-111Q2-02-53,EvolvingFront_WGS_Plate3_E07
18032FL-111Q2-02-61,EvolvingFront_WGS_Plate3_E08
18032FL-111Q2-02-69,EvolvingFront_WGS_Plate3_E09
18032FL-111Q2-02-77,EvolvingFront_WGS_Plate3_E10
18032FL-111Q2-02-85,EvolvingFront_WGS_Plate3_E11
18032FL-111Q2-02-93,EvolvingFront_WGS_Plate3_E12
18032FL-111Q2-02-06,EvolvingFront_WGS_Plate3_F01
18032FL-111Q2-02-14,EvolvingFront_WGS_Plate3_F02
18032FL-111Q2-02-22,EvolvingFront_WGS_Plate3_F03
18032FL-111Q2-02-30,EvolvingFront_WGS_Plate3_F04
18032FL-111Q2-02-38,EvolvingFront_WGS_Plate3_F05
18032FL-111Q2-02-46,EvolvingFront_WGS_Plate3_F06
18032FL-111Q2-02-54,EvolvingFront_WGS_Plate3_F07
18032FL-111Q2-02-62,EvolvingFront_WGS_Plate3_F08
18032FL-111Q2-02-70,EvolvingFront_WGS_Plate3_F09
18032FL-111Q2-02-78,EvolvingFront_WGS_Plate3_F10
18032FL-111Q2-02-86,EvolvingFront_WGS_Plate3_F11
18032FL-111Q2-02-94,EvolvingFront_WGS_Plate3_F12
18032FL-111Q2-02-07,EvolvingFront_WGS_Plate3_G01
18032FL-111Q2-02-15,EvolvingFront_WGS_Plate3_G02
18032FL-111Q2-02-23,EvolvingFront_WGS_Plate3_G03
18032FL-111Q2-02-31,EvolvingFront_WGS_Plate3_G04
18032FL-111Q2-02-39,EvolvingFront_WGS_Plate3_G05
18032FL-111Q2-02-47,EvolvingFront_WGS_Plate3_G06
18032FL-111Q2-02-55,EvolvingFront_WGS_Plate3_G07
18032FL-111Q2-02-63,EvolvingFront_WGS_Plate3_G08
18032FL-111Q2-02-71,EvolvingFront_WGS_Plate3_G09
18032FL-111Q2-02-79,EvolvingFront_WGS_Plate3_G10
18032FL-111Q2-02-87,EvolvingFront_WGS_Plate3_G11
18032FL-111Q2-02-95,EvolvingFront_WGS_Plate3_G12
18032FL-111Q2-02-08,EvolvingFront_WGS_Plate3_H01
18032FL-111Q2-02-16,EvolvingFront_WGS_Plate3_H02
18032FL-111Q2-02-24,EvolvingFront_WGS_Plate3_H03
18032FL-111Q2-02-32,EvolvingFront_WGS_Plate3_H04
18032FL-111Q2-02-40,EvolvingFront_WGS_Plate3_H05
18032FL-111Q2-02-48,EvolvingFront_WGS_Plate3_H06
18032FL-111Q2-02-56,EvolvingFront_WGS_Plate3_H07
18032FL-111Q2-02-64,EvolvingFront_WGS_Plate3_H08
18032FL-111Q2-02-72,EvolvingFront_WGS_Plate3_H09
18032FL-111Q2-02-80,EvolvingFront_WGS_Plate3_H10
18032FL-111Q2-02-88,EvolvingFront_WGS_Plate3_H11
18032FL-111Q2-02-96,EvolvingFront_WGS_Plate3_H12
18032FL-111Q2-01-01,EvolvingFront_WGS_Plate4_A01
18032FL-111Q2-01-09,EvolvingFront_WGS_Plate4_A02
18032FL-111Q2-01-17,EvolvingFront_WGS_Plate4_A03
18032FL-111Q2-01-25,EvolvingFront_WGS_Plate4_A04
18032FL-111Q2-01-33,EvolvingFront_WGS_Plate4_A05
18032FL-111Q2-01-41,EvolvingFront_WGS_Plate4_A06
18032FL-111Q2-01-49,EvolvingFront_WGS_Plate4_A07
18032FL-111Q2-01-57,EvolvingFront_WGS_Plate4_A08
18032FL-111Q2-01-65,EvolvingFront_WGS_Plate4_A09
18032FL-111Q2-01-73,EvolvingFront_WGS_Plate4_A10
18032FL-111Q2-01-81,EvolvingFront_WGS_Plate4_A11
18032FL-111Q2-01-89,EvolvingFront_WGS_Plate4_A12
18032FL-111Q2-01-02,EvolvingFront_WGS_Plate4_B01
18032FL-111Q2-01-10,EvolvingFront_WGS_Plate4_B02
18032FL-111Q2-01-18,EvolvingFront_WGS_Plate4_B03
18032FL-111Q2-01-26,EvolvingFront_WGS_Plate4_B04
18032FL-111Q2-01-34,EvolvingFront_WGS_Plate4_B05
18032FL-111Q2-01-42,EvolvingFront_WGS_Plate4_B06
18032FL-111Q2-01-50,EvolvingFront_WGS_Plate4_B07
18032FL-111Q2-01-58,EvolvingFront_WGS_Plate4_B08
18032FL-111Q2-01-66,EvolvingFront_WGS_Plate4_B09
18032FL-111Q2-01-74,EvolvingFront_WGS_Plate4_B10
18032FL-111Q2-01-82,EvolvingFront_WGS_Plate4_B11
18032FL-111Q2-01-90,EvolvingFront_WGS_Plate4_B12
18032FL-111Q2-01-03,EvolvingFront_WGS_Plate4_C01
18032FL-111Q2-01-11,EvolvingFront_WGS_Plate4_C02
18032FL-111Q2-01-19,EvolvingFront_WGS_Plate4_C03
18032FL-111Q2-01-27,EvolvingFront_WGS_Plate4_C04
18032FL-111Q2-01-35,EvolvingFront_WGS_Plate4_C05
18032FL-111Q2-01-43,EvolvingFront_WGS_Plate4_C06
18032FL-111Q2-01-51,EvolvingFront_WGS_Plate4_C07
18032FL-111Q2-01-59,EvolvingFront_WGS_Plate4_C08
18032FL-111Q2-01-67,EvolvingFront_WGS_Plate4_C09
18032FL-111Q2-01-75,EvolvingFront_WGS_Plate4_C10
18032FL-111Q2-01-83,EvolvingFront_WGS_Plate4_C11
18032FL-111Q2-01-91,EvolvingFront_WGS_Plate4_C12
18032FL-111Q2-01-04,EvolvingFront_WGS_Plate4_D01
18032FL-111Q2-01-12,EvolvingFront_WGS_Plate4_D02
18032FL-111Q2-01-20,EvolvingFront_WGS_Plate4_D03
18032FL-111Q2-01-28,EvolvingFront_WGS_Plate4_D04
18032FL-111Q2-01-36,EvolvingFront_WGS_Plate4_D05
18032FL-111Q2-01-44,EvolvingFront_WGS_Plate4_D06
18032FL-111Q2-01-52,EvolvingFront_WGS_Plate4_D07
18032FL-111Q2-01-60,EvolvingFront_WGS_Plate4_D08
18032FL-111Q2-01-68,EvolvingFront_WGS_Plate4_D09
18032FL-111Q2-01-76,EvolvingFront_WGS_Plate4_D10
18032FL-111Q2-01-84,EvolvingFront_WGS_Plate4_D11
18032FL-111Q2-01-92,EvolvingFront_WGS_Plate4_D12
18032FL-111Q2-01-05,EvolvingFront_WGS_Plate4_E01
18032FL-111Q2-01-13,EvolvingFront_WGS_Plate4_E02
18032FL-111Q2-01-21,EvolvingFront_WGS_Plate4_E03
18032FL-111Q2-01-29,EvolvingFront_WGS_Plate4_E04
18032FL-111Q2-01-37,EvolvingFront_WGS_Plate4_E05
18032FL-111Q2-01-45,EvolvingFront_WGS_Plate4_E06
18032FL-111Q2-01-53,EvolvingFront_WGS_Plate4_E07
18032FL-111Q2-01-61,EvolvingFront_WGS_Plate4_E08
18032FL-111Q2-01-69,EvolvingFront_WGS_Plate4_E09
18032FL-111Q2-01-77,EvolvingFront_WGS_Plate4_E10
18032FL-111Q2-01-85,EvolvingFront_WGS_Plate4_E11
18032FL-111Q2-01-93,EvolvingFront_WGS_Plate4_E12
18032FL-111-01-01,EvolvingFront_WGS_Plate1_A01
18032FL-111-01-09,EvolvingFront_WGS_Plate1_A02
18032FL-111-01-17,EvolvingFront_WGS_Plate1_A03
18032FL-111-01-25,EvolvingFront_WGS_Plate1_A04
18032FL-111-01-33,EvolvingFront_WGS_Plate1_A05
18032FL-111-01-41,EvolvingFront_WGS_Plate1_A06
18032FL-111-01-49,EvolvingFront_WGS_Plate1_A07
18032FL-111-01-57,EvolvingFront_WGS_Plate1_A08
18032FL-111-01-65,EvolvingFront_WGS_Plate1_A09
18032FL-111-01-73,EvolvingFront_WGS_Plate1_A10
18032FL-111-01-81,EvolvingFront_WGS_Plate1_A11
18032FL-111-01-89,EvolvingFront_WGS_Plate1_A12
18032FL-111-01-02,EvolvingFront_WGS_Plate1_B01
18032FL-111-01-10,EvolvingFront_WGS_Plate1_B02
18032FL-111-01-18,EvolvingFront_WGS_Plate1_B03
18032FL-111-01-26,EvolvingFront_WGS_Plate1_B04
18032FL-111-01-34,EvolvingFront_WGS_Plate1_B05
18032FL-111-01-42,EvolvingFront_WGS_Plate1_B06
18032FL-111-01-50,EvolvingFront_WGS_Plate1_B07
18032FL-111-01-58,EvolvingFront_WGS_Plate1_B08
18032FL-111-01-66,EvolvingFront_WGS_Plate1_B09
18032FL-111-01-74,EvolvingFront_WGS_Plate1_B10
18032FL-111-01-82,EvolvingFront_WGS_Plate1_B11
18032FL-111-01-90,EvolvingFront_WGS_Plate1_B12
18032FL-111-01-03,EvolvingFront_WGS_Plate1_C01
18032FL-111-01-11,EvolvingFront_WGS_Plate1_C02
18032FL-111-01-19,EvolvingFront_WGS_Plate1_C03
18032FL-111-01-27,EvolvingFront_WGS_Plate1_C04
18032FL-111-01-35,EvolvingFront_WGS_Plate1_C05
18032FL-111-01-43,EvolvingFront_WGS_Plate1_C06
18032FL-111-01-51,EvolvingFront_WGS_Plate1_C07
18032FL-111-01-59,EvolvingFront_WGS_Plate1_C08
18032FL-111-01-67,EvolvingFront_WGS_Plate1_C09
18032FL-111-01-75,EvolvingFront_WGS_Plate1_C10
18032FL-111-01-83,EvolvingFront_WGS_Plate1_C11
18032FL-111-01-91,EvolvingFront_WGS_Plate1_C12
18032FL-111-01-04,EvolvingFront_WGS_Plate1_D01
18032FL-111-01-12,EvolvingFront_WGS_Plate1_D02
18032FL-111-01-20,EvolvingFront_WGS_Plate1_D03
18032FL-111-01-28,EvolvingFront_WGS_Plate1_D04
18032FL-111-01-36,EvolvingFront_WGS_Plate1_D05
18032FL-111-01-44,EvolvingFront_WGS_Plate1_D06
18032FL-111-01-52,EvolvingFront_WGS_Plate1_D07
18032FL-111-01-60,EvolvingFront_WGS_Plate1_D08
18032FL-111-01-68,EvolvingFront_WGS_Plate1_D09
18032FL-111-01-76,EvolvingFront_WGS_Plate1_D10
18032FL-111-01-84,EvolvingFront_WGS_Plate1_D11
18032FL-111-01-92,EvolvingFront_WGS_Plate1_D12
18032FL-111-01-05,EvolvingFront_WGS_Plate1_E01
18032FL-111-01-13,EvolvingFront_WGS_Plate1_E02
18032FL-111-01-21,EvolvingFront_WGS_Plate1_E03
18032FL-111-01-29,EvolvingFront_WGS_Plate1_E04
18032FL-111-01-37,EvolvingFront_WGS_Plate1_E05
18032FL-111-01-45,EvolvingFront_WGS_Plate1_E06
18032FL-111-01-53,EvolvingFront_WGS_Plate1_E07
18032FL-111-01-61,EvolvingFront_WGS_Plate1_E08
18032FL-111-01-69,EvolvingFront_WGS_Plate1_E09
18032FL-111-01-77,EvolvingFront_WGS_Plate1_E10
18032FL-111-01-85,EvolvingFront_WGS_Plate1_E11
18032FL-111-01-93,EvolvingFront_WGS_Plate1_E12
18032FL-111-01-06,EvolvingFront_WGS_Plate1_F01
18032FL-111-01-14,EvolvingFront_WGS_Plate1_F02
18032FL-111-01-22,EvolvingFront_WGS_Plate1_F03
18032FL-111-01-30,EvolvingFront_WGS_Plate1_F04
18032FL-111-01-38,EvolvingFront_WGS_Plate1_F05
18032FL-111-01-46,EvolvingFront_WGS_Plate1_F06
18032FL-111-01-54,EvolvingFront_WGS_Plate1_F07
18032FL-111-01-62,EvolvingFront_WGS_Plate1_F08
18032FL-111-01-70,EvolvingFront_WGS_Plate1_F09
18032FL-111-01-78,EvolvingFront_WGS_Plate1_F10
18032FL-111-01-86,EvolvingFront_WGS_Plate1_F11
18032FL-111-01-94,EvolvingFront_WGS_Plate1_F12
18032FL-111-01-07,EvolvingFront_WGS_Plate1_G01
18032FL-111-01-15,EvolvingFront_WGS_Plate1_G02
18032FL-111-01-23,EvolvingFront_WGS_Plate1_G03
18032FL-111-01-31,EvolvingFront_WGS_Plate1_G04
18032FL-111-01-39,EvolvingFront_WGS_Plate1_G05
18032FL-111-01-47,EvolvingFront_WGS_Plate1_G06
18032FL-111-01-55,EvolvingFront_WGS_Plate1_G07
18032FL-111-01-63,EvolvingFront_WGS_Plate1_G08
18032FL-111-01-71,EvolvingFront_WGS_Plate1_G09
18032FL-111-01-79,EvolvingFront_WGS_Plate1_G10
18032FL-111-01-87,EvolvingFront_WGS_Plate1_G11
18032FL-111-01-95,EvolvingFront_WGS_Plate1_G12
18032FL-111-01-08,EvolvingFront_WGS_Plate1_H01
18032FL-111-01-16,EvolvingFront_WGS_Plate1_H02
18032FL-111-01-24,EvolvingFront_WGS_Plate1_H03
18032FL-111-01-32,EvolvingFront_WGS_Plate1_H04
18032FL-111-01-40,EvolvingFront_WGS_Plate1_H05
18032FL-111-01-48,EvolvingFront_WGS_Plate1_H06
18032FL-111-01-56,EvolvingFront_WGS_Plate1_H07
18032FL-111-01-64,EvolvingFront_WGS_Plate1_H08
18032FL-111-01-72,EvolvingFront_WGS_Plate1_H09
18032FL-111-01-80,EvolvingFront_WGS_Plate1_H10
18032FL-111-01-88,EvolvingFront_WGS_Plate1_H11
18032FL-111-01-96,EvolvingFront_WGS_Plate1_H12
18032FL-111-07-01,EvolvingFront_WGS_Plate2_A01
18032FL-111-07-09,EvolvingFront_WGS_Plate2_A02
18032FL-111-07-17,EvolvingFront_WGS_Plate2_A03
18032FL-111-07-25,EvolvingFront_WGS_Plate2_A04
18032FL-111-07-33,EvolvingFront_WGS_Plate2_A05
18032FL-111-07-41,EvolvingFront_WGS_Plate2_A06
18032FL-111-07-49,EvolvingFront_WGS_Plate2_A07
18032FL-111-07-57,EvolvingFront_WGS_Plate2_A08
18032FL-111-07-65,EvolvingFront_WGS_Plate2_A09
18032FL-111-07-73,EvolvingFront_WGS_Plate2_A10
18032FL-111-07-81,EvolvingFront_WGS_Plate2_A11
18032FL-111-07-89,EvolvingFront_WGS_Plate2_A12
18032FL-111-07-02,EvolvingFront_WGS_Plate2_B01
18032FL-111-07-10,EvolvingFront_WGS_Plate2_B02
18032FL-111-07-18,EvolvingFront_WGS_Plate2_B03
18032FL-111-07-26,EvolvingFront_WGS_Plate2_B04
18032FL-111-07-34,EvolvingFront_WGS_Plate2_B05
18032FL-111-07-42,EvolvingFront_WGS_Plate2_B06
18032FL-111-07-50,EvolvingFront_WGS_Plate2_B07
18032FL-111-07-58,EvolvingFront_WGS_Plate2_B08
18032FL-111-07-66,EvolvingFront_WGS_Plate2_B09
18032FL-111-07-74,EvolvingFront_WGS_Plate2_B10
18032FL-111-07-82,EvolvingFront_WGS_Plate2_B11
18032FL-111-07-90,EvolvingFront_WGS_Plate2_B12
18032FL-111-07-03,EvolvingFront_WGS_Plate2_C01
18032FL-111-07-11,EvolvingFront_WGS_Plate2_C02
18032FL-111-07-19,EvolvingFront_WGS_Plate2_C03
18032FL-111-07-27,EvolvingFront_WGS_Plate2_C04
18032FL-111-07-35,EvolvingFront_WGS_Plate2_C05
18032FL-111-07-43,EvolvingFront_WGS_Plate2_C06
18032FL-111-07-51,EvolvingFront_WGS_Plate2_C07
18032FL-111-07-59,EvolvingFront_WGS_Plate2_C08
18032FL-111-07-67,EvolvingFront_WGS_Plate2_C09
18032FL-111-07-75,EvolvingFront_WGS_Plate2_C10
18032FL-111-07-83,EvolvingFront_WGS_Plate2_C11
18032FL-111-07-91,EvolvingFront_WGS_Plate2_C12
18032FL-111-07-04,EvolvingFront_WGS_Plate2_D01
18032FL-111-07-12,EvolvingFront_WGS_Plate2_D02
18032FL-111-07-20,EvolvingFront_WGS_Plate2_D03
18032FL-111-07-28,EvolvingFront_WGS_Plate2_D04
18032FL-111-07-36,EvolvingFront_WGS_Plate2_D05
18032FL-111-07-44,EvolvingFront_WGS_Plate2_D06
18032FL-111-07-52,EvolvingFront_WGS_Plate2_D07
18032FL-111-07-60,EvolvingFront_WGS_Plate2_D08
18032FL-111-07-68,EvolvingFront_WGS_Plate2_D09
18032FL-111-07-76,EvolvingFront_WGS_Plate2_D10
18032FL-111-07-84,EvolvingFront_WGS_Plate2_D11
18032FL-111-07-92,EvolvingFront_WGS_Plate2_D12
18032FL-111-07-05,EvolvingFront_WGS_Plate2_E01
18032FL-111-07-13,EvolvingFront_WGS_Plate2_E02
18032FL-111-07-21,EvolvingFront_WGS_Plate2_E03
18032FL-111-07-29,EvolvingFront_WGS_Plate2_E04
18032FL-111-07-37,EvolvingFront_WGS_Plate2_E05
18032FL-111-07-45,EvolvingFront_WGS_Plate2_E06
18032FL-111-07-53,EvolvingFront_WGS_Plate2_E07
18032FL-111-07-61,EvolvingFront_WGS_Plate2_E08
18032FL-111-07-69,EvolvingFront_WGS_Plate2_E09
18032FL-111-07-77,EvolvingFront_WGS_Plate2_E10
18032FL-111-07-85,EvolvingFront_WGS_Plate2_E11
18032FL-111-07-93,EvolvingFront_WGS_Plate2_E12
18032FL-111-07-06,EvolvingFront_WGS_Plate2_F01
18032FL-111-07-14,EvolvingFront_WGS_Plate2_F02
18032FL-111-07-22,EvolvingFront_WGS_Plate2_F03
18032FL-111-07-30,EvolvingFront_WGS_Plate2_F04
18032FL-111-07-38,EvolvingFront_WGS_Plate2_F05
18032FL-111-07-46,EvolvingFront_WGS_Plate2_F06
18032FL-111-07-54,EvolvingFront_WGS_Plate2_F07
18032FL-111-07-62,EvolvingFront_WGS_Plate2_F08
18032FL-111-07-70,EvolvingFront_WGS_Plate2_F09
18032FL-111-07-78,EvolvingFront_WGS_Plate2_F10
18032FL-111-07-86,EvolvingFront_WGS_Plate2_F11
18032FL-111-07-94,EvolvingFront_WGS_Plate2_F12
18032FL-111-07-07,EvolvingFront_WGS_Plate2_G01
18032FL-111-07-15,EvolvingFront_WGS_Plate2_G02
18032FL-111-07-23,EvolvingFront_WGS_Plate2_G03
18032FL-111-07-31,EvolvingFront_WGS_Plate2_G04
18032FL-111-07-39,EvolvingFront_WGS_Plate2_G05
18032FL-111-07-47,EvolvingFront_WGS_Plate2_G06
18032FL-111-07-55,EvolvingFront_WGS_Plate2_G07
18032FL-111-07-63,EvolvingFront_WGS_Plate2_G08
18032FL-111-07-71,EvolvingFront_WGS_Plate2_G09
18032FL-111-07-79,EvolvingFront_WGS_Plate2_G10
18032FL-111-07-87,EvolvingFront_WGS_Plate2_G11
18032FL-111-07-95,EvolvingFront_WGS_Plate2_G12
18032FL-111-07-08,EvolvingFront_WGS_Plate2_H01
18032FL-111-07-16,EvolvingFront_WGS_Plate2_H02
18032FL-111-07-24,EvolvingFront_WGS_Plate2_H03
18032FL-111-07-32,EvolvingFront_WGS_Plate2_H04
18032FL-111-07-40,EvolvingFront_WGS_Plate2_H05
18032FL-111-07-48,EvolvingFront_WGS_Plate2_H06
18032FL-111-07-56,EvolvingFront_WGS_Plate2_H07
18032FL-111-07-64,EvolvingFront_WGS_Plate2_H08
18032FL-111-07-72,EvolvingFront_WGS_Plate2_H09
18032FL-111-07-80,EvolvingFront_WGS_Plate2_H10
18032FL-111-07-88,EvolvingFront_WGS_Plate2_H11
18032FL-111-07-96,EvolvingFront_WGS_Plate2_H12
18032FL-115-07-01_L002,EvolvingFront_WGS_Plate5_A01_Lane1
18032FL-115-07-02_L002,EvolvingFront_WGS_Plate5_B01_Lane1
18032FL-115-07-03_L002,EvolvingFront_WGS_Plate5_C01_Lane1
18032FL-115-07-04_L002,EvolvingFront_WGS_Plate5_D01_Lane1
18032FL-115-07-05_L002,EvolvingFront_WGS_Plate5_E01_Lane1
18032FL-115-07-06_L002,EvolvingFront_WGS_Plate5_F01_Lane1
18032FL-115-07-07_L002,EvolvingFront_WGS_Plate5_G01_Lane1
18032FL-115-07-08_L002,EvolvingFront_WGS_Plate5_H01_Lane1
18032FL-115-07-09_L002,EvolvingFront_WGS_Plate5_A02_Lane1
18032FL-115-07-10_L002,EvolvingFront_WGS_Plate5_B02_Lane1
18032FL-115-07-11_L002,EvolvingFront_WGS_Plate5_C02_Lane1
18032FL-115-07-12_L002,EvolvingFront_WGS_Plate5_D02_Lane1
18032FL-115-07-13_L002,EvolvingFront_WGS_Plate5_E02_Lane1
18032FL-115-07-14_L002,EvolvingFront_WGS_Plate5_F02_Lane1
18032FL-115-07-15_L002,EvolvingFront_WGS_Plate5_G02_Lane1
18032FL-115-07-16_L002,EvolvingFront_WGS_Plate5_H02_Lane1
18032FL-115-07-17_L002,EvolvingFront_WGS_Plate5_A03_Lane1
18032FL-115-07-18_L002,EvolvingFront_WGS_Plate5_B03_Lane1
18032FL-115-07-19_L002,EvolvingFront_WGS_Plate5_C03_Lane1
18032FL-115-07-20_L002,EvolvingFront_WGS_Plate5_D03_Lane1
18032FL-115-07-21_L002,EvolvingFront_WGS_Plate5_E03_Lane1
18032FL-115-07-22_L002,EvolvingFront_WGS_Plate5_F03_Lane1
18032FL-115-07-23_L002,EvolvingFront_WGS_Plate5_G03_Lane1
18032FL-115-07-24_L002,EvolvingFront_WGS_Plate5_H03_Lane1
18032FL-115-07-25_L002,EvolvingFront_WGS_Plate5_A04_Lane1
18032FL-115-07-26_L002,EvolvingFront_WGS_Plate5_B04_Lane1
18032FL-115-07-27_L002,EvolvingFront_WGS_Plate5_C04_Lane1
18032FL-115-07-28_L002,EvolvingFront_WGS_Plate5_D04_Lane1
18032FL-115-07-29_L002,EvolvingFront_WGS_Plate5_E04_Lane1
18032FL-115-07-30_L002,EvolvingFront_WGS_Plate5_F04_Lane1
18032FL-115-07-31_L002,EvolvingFront_WGS_Plate5_G04_Lane1
18032FL-115-07-32_L002,EvolvingFront_WGS_Plate5_H04_Lane1
18032FL-115-07-33_L002,EvolvingFront_WGS_Plate5_A05_Lane1
18032FL-115-07-34_L002,EvolvingFront_WGS_Plate5_B05_Lane1
18032FL-115-07-35_L002,EvolvingFront_WGS_Plate5_C05_Lane1
18032FL-115-07-36_L002,EvolvingFront_WGS_Plate5_D05_Lane1
18032FL-115-07-37_L002,EvolvingFront_WGS_Plate5_E05_Lane1
18032FL-115-07-38_L002,EvolvingFront_WGS_Plate5_F05_Lane1
18032FL-115-07-39_L002,EvolvingFront_WGS_Plate5_G05_Lane1
18032FL-115-07-40_L002,EvolvingFront_WGS_Plate5_H05_Lane1
18032FL-115-07-41_L002,EvolvingFront_WGS_Plate5_A06_Lane1
18032FL-115-07-42_L002,EvolvingFront_WGS_Plate5_B06_Lane1
18032FL-115-07-43_L002,EvolvingFront_WGS_Plate5_C06_Lane1
18032FL-115-07-44_L002,EvolvingFront_WGS_Plate5_D06_Lane1
18032FL-115-07-45_L002,EvolvingFront_WGS_Plate5_E06_Lane1
18032FL-115-07-46_L002,EvolvingFront_WGS_Plate5_F06_Lane1
18032FL-115-07-47_L002,EvolvingFront_WGS_Plate5_G06_Lane1
18032FL-115-07-48_L002,EvolvingFront_WGS_Plate5_H06_Lane1
18032FL-115-07-49_L002,EvolvingFront_WGS_Plate5_A07_Lane1
18032FL-115-07-50_L002,EvolvingFront_WGS_Plate5_B07_Lane1
18032FL-115-07-51_L002,EvolvingFront_WGS_Plate5_C07_Lane1
18032FL-115-07-52_L002,EvolvingFront_WGS_Plate5_D07_Lane1
18032FL-115-07-53_L002,EvolvingFront_WGS_Plate5_E07_Lane1
18032FL-115-07-54_L002,EvolvingFront_WGS_Plate5_F07_Lane1
18032FL-115-07-55_L002,EvolvingFront_WGS_Plate5_G07_Lane1
18032FL-115-07-56_L002,EvolvingFront_WGS_Plate5_H07_Lane1
18032FL-115-07-57_L002,EvolvingFront_WGS_Plate5_A08_Lane1
18032FL-115-07-58_L002,EvolvingFront_WGS_Plate5_B08_Lane1
18032FL-115-07-59_L002,EvolvingFront_WGS_Plate5_C08_Lane1
18032FL-115-07-60_L002,EvolvingFront_WGS_Plate5_D08_Lane1
18032FL-115-07-61_L002,EvolvingFront_WGS_Plate5_E08_Lane1
18032FL-115-07-62_L002,EvolvingFront_WGS_Plate5_F08_Lane1
18032FL-115-07-63_L002,EvolvingFront_WGS_Plate5_G08_Lane1
18032FL-115-07-64_L002,EvolvingFront_WGS_Plate5_H08_Lane1
18032FL-115-07-65_L002,EvolvingFront_WGS_Plate5_A09_Lane1
18032FL-115-07-66_L002,EvolvingFront_WGS_Plate5_B09_Lane1
18032FL-115-07-67_L002,EvolvingFront_WGS_Plate5_C09_Lane1
18032FL-115-07-68_L002,EvolvingFront_WGS_Plate5_D09_Lane1
18032FL-115-07-69_L002,EvolvingFront_WGS_Plate5_E09_Lane1
18032FL-115-07-70_L002,EvolvingFront_WGS_Plate5_F09_Lane1
18032FL-115-07-71_L002,EvolvingFront_WGS_Plate5_G09_Lane1
18032FL-115-07-72_L002,EvolvingFront_WGS_Plate5_H09_Lane1
18032FL-115-07-73_L002,EvolvingFront_WGS_Plate5_A10_Lane1
18032FL-115-07-74_L002,EvolvingFront_WGS_Plate5_B10_Lane1
18032FL-115-07-75_L002,EvolvingFront_WGS_Plate5_C10_Lane1
18032FL-115-07-76_L002,EvolvingFront_WGS_Plate5_D10_Lane1
18032FL-115-07-77_L002,EvolvingFront_WGS_Plate5_E10_Lane1
18032FL-115-07-78_L002,EvolvingFront_WGS_Plate5_F10_Lane1
18032FL-115-07-79_L002,EvolvingFront_WGS_Plate5_G10_Lane1
18032FL-115-07-80_L002,EvolvingFront_WGS_Plate5_H10_Lane1
18032FL-115-07-81_L002,EvolvingFront_WGS_Plate5_A11_Lane1
18032FL-115-07-82_L002,EvolvingFront_WGS_Plate5_B11_Lane1
18032FL-115-07-83_L002,EvolvingFront_WGS_Plate5_C11_Lane1
18032FL-115-07-84_L002,EvolvingFront_WGS_Plate5_D11_Lane1
18032FL-115-07-85_L002,EvolvingFront_WGS_Plate5_E11_Lane1
18032FL-115-07-86_L002,EvolvingFront_WGS_Plate5_F11_Lane1
18032FL-115-07-87_L002,EvolvingFront_WGS_Plate5_G11_Lane1
18032FL-115-07-88_L002,EvolvingFront_WGS_Plate5_H11_Lane1
18032FL-115-07-89_L002,EvolvingFront_WGS_Plate5_A12_Lane1
18032FL-115-07-90_L002,EvolvingFront_WGS_Plate5_B12_Lane1
18032FL-115-07-91_L002,EvolvingFront_WGS_Plate5_C12_Lane1
18032FL-115-07-92_L002,EvolvingFront_WGS_Plate5_D12_Lane1
18032FL-115-07-93_L002,EvolvingFront_WGS_Plate5_E12_Lane1
18032FL-115-07-94_L002,EvolvingFront_WGS_Plate5_F12_Lane1
18032FL-115-07-95_L002,EvolvingFront_WGS_Plate5_G12_Lane1
18032FL-115-07-96_L002,EvolvingFront_WGS_Plate5_H12_Lane1
18032FL-115-07-01_L003,EvolvingFront_WGS_Plate5_A01_Lane2
18032FL-115-07-02_L003,EvolvingFront_WGS_Plate5_B01_Lane2
18032FL-115-07-03_L003,EvolvingFront_WGS_Plate5_C01_Lane2
18032FL-115-07-04_L003,EvolvingFront_WGS_Plate5_D01_Lane2
18032FL-115-07-05_L003,EvolvingFront_WGS_Plate5_E01_Lane2
18032FL-115-07-06_L003,EvolvingFront_WGS_Plate5_F01_Lane2
18032FL-115-07-07_L003,EvolvingFront_WGS_Plate5_G01_Lane2
18032FL-115-07-08_L003,EvolvingFront_WGS_Plate5_H01_Lane2
18032FL-115-07-09_L003,EvolvingFront_WGS_Plate5_A02_Lane2
18032FL-115-07-10_L003,EvolvingFront_WGS_Plate5_B02_Lane2
18032FL-115-07-11_L003,EvolvingFront_WGS_Plate5_C02_Lane2
18032FL-115-07-12_L003,EvolvingFront_WGS_Plate5_D02_Lane2
18032FL-115-07-13_L003,EvolvingFront_WGS_Plate5_E02_Lane2
18032FL-115-07-14_L003,EvolvingFront_WGS_Plate5_F02_Lane2
18032FL-115-07-15_L003,EvolvingFront_WGS_Plate5_G02_Lane2
18032FL-115-07-16_L003,EvolvingFront_WGS_Plate5_H02_Lane2
18032FL-115-07-17_L003,EvolvingFront_WGS_Plate5_A03_Lane2
18032FL-115-07-18_L003,EvolvingFront_WGS_Plate5_B03_Lane2
18032FL-115-07-19_L003,EvolvingFront_WGS_Plate5_C03_Lane2
18032FL-115-07-20_L003,EvolvingFront_WGS_Plate5_D03_Lane2
18032FL-115-07-21_L003,EvolvingFront_WGS_Plate5_E03_Lane2
18032FL-115-07-22_L003,EvolvingFront_WGS_Plate5_F03_Lane2
18032FL-115-07-23_L003,EvolvingFront_WGS_Plate5_G03_Lane2
18032FL-115-07-24_L003,EvolvingFront_WGS_Plate5_H03_Lane2
18032FL-115-07-25_L003,EvolvingFront_WGS_Plate5_A04_Lane2
18032FL-115-07-26_L003,EvolvingFront_WGS_Plate5_B04_Lane2
18032FL-115-07-27_L003,EvolvingFront_WGS_Plate5_C04_Lane2
18032FL-115-07-28_L003,EvolvingFront_WGS_Plate5_D04_Lane2
18032FL-115-07-29_L003,EvolvingFront_WGS_Plate5_E04_Lane2
18032FL-115-07-30_L003,EvolvingFront_WGS_Plate5_F04_Lane2
18032FL-115-07-31_L003,EvolvingFront_WGS_Plate5_G04_Lane2
18032FL-115-07-32_L003,EvolvingFront_WGS_Plate5_H04_Lane2
18032FL-115-07-33_L003,EvolvingFront_WGS_Plate5_A05_Lane2
18032FL-115-07-34_L003,EvolvingFront_WGS_Plate5_B05_Lane2
18032FL-115-07-35_L003,EvolvingFront_WGS_Plate5_C05_Lane2
18032FL-115-07-36_L003,EvolvingFront_WGS_Plate5_D05_Lane2
18032FL-115-07-37_L003,EvolvingFront_WGS_Plate5_E05_Lane2
18032FL-115-07-38_L003,EvolvingFront_WGS_Plate5_F05_Lane2
18032FL-115-07-39_L003,EvolvingFront_WGS_Plate5_G05_Lane2
18032FL-115-07-40_L003,EvolvingFront_WGS_Plate5_H05_Lane2
18032FL-115-07-41_L003,EvolvingFront_WGS_Plate5_A06_Lane2
18032FL-115-07-42_L003,EvolvingFront_WGS_Plate5_B06_Lane2
18032FL-115-07-43_L003,EvolvingFront_WGS_Plate5_C06_Lane2
18032FL-115-07-44_L003,EvolvingFront_WGS_Plate5_D06_Lane2
18032FL-115-07-45_L003,EvolvingFront_WGS_Plate5_E06_Lane2
18032FL-115-07-46_L003,EvolvingFront_WGS_Plate5_F06_Lane2
18032FL-115-07-47_L003,EvolvingFront_WGS_Plate5_G06_Lane2
18032FL-115-07-48_L003,EvolvingFront_WGS_Plate5_H06_Lane2
18032FL-115-07-49_L003,EvolvingFront_WGS_Plate5_A07_Lane2
18032FL-115-07-50_L003,EvolvingFront_WGS_Plate5_B07_Lane2
18032FL-115-07-51_L003,EvolvingFront_WGS_Plate5_C07_Lane2
18032FL-115-07-52_L003,EvolvingFront_WGS_Plate5_D07_Lane2
18032FL-115-07-53_L003,EvolvingFront_WGS_Plate5_E07_Lane2
18032FL-115-07-54_L003,EvolvingFront_WGS_Plate5_F07_Lane2
18032FL-115-07-55_L003,EvolvingFront_WGS_Plate5_G07_Lane2
18032FL-115-07-56_L003,EvolvingFront_WGS_Plate5_H07_Lane2
18032FL-115-07-57_L003,EvolvingFront_WGS_Plate5_A08_Lane2
18032FL-115-07-58_L003,EvolvingFront_WGS_Plate5_B08_Lane2
18032FL-115-07-59_L003,EvolvingFront_WGS_Plate5_C08_Lane2
18032FL-115-07-60_L003,EvolvingFront_WGS_Plate5_D08_Lane2
18032FL-115-07-61_L003,EvolvingFront_WGS_Plate5_E08_Lane2
18032FL-115-07-62_L003,EvolvingFront_WGS_Plate5_F08_Lane2
18032FL-115-07-63_L003,EvolvingFront_WGS_Plate5_G08_Lane2
18032FL-115-07-64_L003,EvolvingFront_WGS_Plate5_H08_Lane2
18032FL-115-07-65_L003,EvolvingFront_WGS_Plate5_A09_Lane2
18032FL-115-07-66_L003,EvolvingFront_WGS_Plate5_B09_Lane2
18032FL-115-07-67_L003,EvolvingFront_WGS_Plate5_C09_Lane2
18032FL-115-07-68_L003,EvolvingFront_WGS_Plate5_D09_Lane2
18032FL-115-07-69_L003,EvolvingFront_WGS_Plate5_E09_Lane2
18032FL-115-07-70_L003,EvolvingFront_WGS_Plate5_F09_Lane2
18032FL-115-07-71_L003,EvolvingFront_WGS_Plate5_G09_Lane2
18032FL-115-07-72_L003,EvolvingFront_WGS_Plate5_H09_Lane2
18032FL-115-07-73_L003,EvolvingFront_WGS_Plate5_A10_Lane2
18032FL-115-07-74_L003,EvolvingFront_WGS_Plate5_B10_Lane2
18032FL-115-07-75_L003,EvolvingFront_WGS_Plate5_C10_Lane2
18032FL-115-07-76_L003,EvolvingFront_WGS_Plate5_D10_Lane2
18032FL-115-07-77_L003,EvolvingFront_WGS_Plate5_E10_Lane2
18032FL-115-07-78_L003,EvolvingFront_WGS_Plate5_F10_Lane2
18032FL-115-07-79_L003,EvolvingFront_WGS_Plate5_G10_Lane2
18032FL-115-07-80_L003,EvolvingFront_WGS_Plate5_H10_Lane2
18032FL-115-07-81_L003,EvolvingFront_WGS_Plate5_A11_Lane2
18032FL-115-07-82_L003,EvolvingFront_WGS_Plate5_B11_Lane2
18032FL-115-07-83_L003,EvolvingFront_WGS_Plate5_C11_Lane2
18032FL-115-07-84_L003,EvolvingFront_WGS_Plate5_D11_Lane2
18032FL-115-07-85_L003,EvolvingFront_WGS_Plate5_E11_Lane2
18032FL-115-07-86_L003,EvolvingFront_WGS_Plate5_F11_Lane2
18032FL-115-07-87_L003,EvolvingFront_WGS_Plate5_G11_Lane2
18032FL-115-07-88_L003,EvolvingFront_WGS_Plate5_H11_Lane2
18032FL-115-07-89_L003,EvolvingFront_WGS_Plate5_A12_Lane2
18032FL-115-07-90_L003,EvolvingFront_WGS_Plate5_B12_Lane2
18032FL-115-07-91_L003,EvolvingFront_WGS_Plate5_C12_Lane2
18032FL-115-07-92_L003,EvolvingFront_WGS_Plate5_D12_Lane2
18032FL-115-07-93_L003,EvolvingFront_WGS_Plate5_E12_Lane2
18032FL-115-07-94_L003,EvolvingFront_WGS_Plate5_F12_Lane2
18032FL-115-07-95_L003,EvolvingFront_WGS_Plate5_G12_Lane2
18032FL-115-07-96_L003,EvolvingFront_WGS_Plate5_H12_Lane2
18032FL-115-07-01_L004,EvolvingFront_WGS_Plate5_A01_Lane3
18032FL-115-07-02_L004,EvolvingFront_WGS_Plate5_B01_Lane3
18032FL-115-07-03_L004,EvolvingFront_WGS_Plate5_C01_Lane3
18032FL-115-07-04_L004,EvolvingFront_WGS_Plate5_D01_Lane3
18032FL-115-07-05_L004,EvolvingFront_WGS_Plate5_E01_Lane3
18032FL-115-07-06_L004,EvolvingFront_WGS_Plate5_F01_Lane3
18032FL-115-07-07_L004,EvolvingFront_WGS_Plate5_G01_Lane3
18032FL-115-07-08_L004,EvolvingFront_WGS_Plate5_H01_Lane3
18032FL-115-07-09_L004,EvolvingFront_WGS_Plate5_A02_Lane3
18032FL-115-07-10_L004,EvolvingFront_WGS_Plate5_B02_Lane3
18032FL-115-07-11_L004,EvolvingFront_WGS_Plate5_C02_Lane3
18032FL-115-07-12_L004,EvolvingFront_WGS_Plate5_D02_Lane3
18032FL-115-07-13_L004,EvolvingFront_WGS_Plate5_E02_Lane3
18032FL-115-07-14_L004,EvolvingFront_WGS_Plate5_F02_Lane3
18032FL-115-07-15_L004,EvolvingFront_WGS_Plate5_G02_Lane3
18032FL-115-07-16_L004,EvolvingFront_WGS_Plate5_H02_Lane3
18032FL-115-07-17_L004,EvolvingFront_WGS_Plate5_A03_Lane3
18032FL-115-07-18_L004,EvolvingFront_WGS_Plate5_B03_Lane3
18032FL-115-07-19_L004,EvolvingFront_WGS_Plate5_C03_Lane3
18032FL-115-07-20_L004,EvolvingFront_WGS_Plate5_D03_Lane3
18032FL-115-07-21_L004,EvolvingFront_WGS_Plate5_E03_Lane3
18032FL-115-07-22_L004,EvolvingFront_WGS_Plate5_F03_Lane3
18032FL-115-07-23_L004,EvolvingFront_WGS_Plate5_G03_Lane3
18032FL-115-07-24_L004,EvolvingFront_WGS_Plate5_H03_Lane3
18032FL-115-07-25_L004,EvolvingFront_WGS_Plate5_A04_Lane3
18032FL-115-07-26_L004,EvolvingFront_WGS_Plate5_B04_Lane3
18032FL-115-07-27_L004,EvolvingFront_WGS_Plate5_C04_Lane3
18032FL-115-07-28_L004,EvolvingFront_WGS_Plate5_D04_Lane3
18032FL-115-07-29_L004,EvolvingFront_WGS_Plate5_E04_Lane3
18032FL-115-07-30_L004,EvolvingFront_WGS_Plate5_F04_Lane3
18032FL-115-07-31_L004,EvolvingFront_WGS_Plate5_G04_Lane3
18032FL-115-07-32_L004,EvolvingFront_WGS_Plate5_H04_Lane3
18032FL-115-07-33_L004,EvolvingFront_WGS_Plate5_A05_Lane3
18032FL-115-07-34_L004,EvolvingFront_WGS_Plate5_B05_Lane3
18032FL-115-07-35_L004,EvolvingFront_WGS_Plate5_C05_Lane3
18032FL-115-07-36_L004,EvolvingFront_WGS_Plate5_D05_Lane3
18032FL-115-07-37_L004,EvolvingFront_WGS_Plate5_E05_Lane3
18032FL-115-07-38_L004,EvolvingFront_WGS_Plate5_F05_Lane3
18032FL-115-07-39_L004,EvolvingFront_WGS_Plate5_G05_Lane3
18032FL-115-07-40_L004,EvolvingFront_WGS_Plate5_H05_Lane3
18032FL-115-07-41_L004,EvolvingFront_WGS_Plate5_A06_Lane3
18032FL-115-07-42_L004,EvolvingFront_WGS_Plate5_B06_Lane3
18032FL-115-07-43_L004,EvolvingFront_WGS_Plate5_C06_Lane3
18032FL-115-07-44_L004,EvolvingFront_WGS_Plate5_D06_Lane3
18032FL-115-07-45_L004,EvolvingFront_WGS_Plate5_E06_Lane3
18032FL-115-07-46_L004,EvolvingFront_WGS_Plate5_F06_Lane3
18032FL-115-07-47_L004,EvolvingFront_WGS_Plate5_G06_Lane3
18032FL-115-07-48_L004,EvolvingFront_WGS_Plate5_H06_Lane3
18032FL-115-07-49_L004,EvolvingFront_WGS_Plate5_A07_Lane3
18032FL-115-07-50_L004,EvolvingFront_WGS_Plate5_B07_Lane3
18032FL-115-07-51_L004,EvolvingFront_WGS_Plate5_C07_Lane3
18032FL-115-07-52_L004,EvolvingFront_WGS_Plate5_D07_Lane3
18032FL-115-07-53_L004,EvolvingFront_WGS_Plate5_E07_Lane3
18032FL-115-07-54_L004,EvolvingFront_WGS_Plate5_F07_Lane3
18032FL-115-07-55_L004,EvolvingFront_WGS_Plate5_G07_Lane3
18032FL-115-07-56_L004,EvolvingFront_WGS_Plate5_H07_Lane3
18032FL-115-07-57_L004,EvolvingFront_WGS_Plate5_A08_Lane3
18032FL-115-07-58_L004,EvolvingFront_WGS_Plate5_B08_Lane3
18032FL-115-07-59_L004,EvolvingFront_WGS_Plate5_C08_Lane3
18032FL-115-07-60_L004,EvolvingFront_WGS_Plate5_D08_Lane3
18032FL-115-07-61_L004,EvolvingFront_WGS_Plate5_E08_Lane3
18032FL-115-07-62_L004,EvolvingFront_WGS_Plate5_F08_Lane3
18032FL-115-07-63_L004,EvolvingFront_WGS_Plate5_G08_Lane3
18032FL-115-07-64_L004,EvolvingFront_WGS_Plate5_H08_Lane3
18032FL-115-07-65_L004,EvolvingFront_WGS_Plate5_A09_Lane3
18032FL-115-07-66_L004,EvolvingFront_WGS_Plate5_B09_Lane3
18032FL-115-07-67_L004,EvolvingFront_WGS_Plate5_C09_Lane3
18032FL-115-07-68_L004,EvolvingFront_WGS_Plate5_D09_Lane3
18032FL-115-07-69_L004,EvolvingFront_WGS_Plate5_E09_Lane3
18032FL-115-07-70_L004,EvolvingFront_WGS_Plate5_F09_Lane3
18032FL-115-07-71_L004,EvolvingFront_WGS_Plate5_G09_Lane3
18032FL-115-07-72_L004,EvolvingFront_WGS_Plate5_H09_Lane3
18032FL-115-07-73_L004,EvolvingFront_WGS_Plate5_A10_Lane3
18032FL-115-07-74_L004,EvolvingFront_WGS_Plate5_B10_Lane3
18032FL-115-07-75_L004,EvolvingFront_WGS_Plate5_C10_Lane3
18032FL-115-07-76_L004,EvolvingFront_WGS_Plate5_D10_Lane3
18032FL-115-07-77_L004,EvolvingFront_WGS_Plate5_E10_Lane3
18032FL-115-07-78_L004,EvolvingFront_WGS_Plate5_F10_Lane3
18032FL-115-07-79_L004,EvolvingFront_WGS_Plate5_G10_Lane3
18032FL-115-07-80_L004,EvolvingFront_WGS_Plate5_H10_Lane3
18032FL-115-07-81_L004,EvolvingFront_WGS_Plate5_A11_Lane3
18032FL-115-07-82_L004,EvolvingFront_WGS_Plate5_B11_Lane3
18032FL-115-07-83_L004,EvolvingFront_WGS_Plate5_C11_Lane3
18032FL-115-07-84_L004,EvolvingFront_WGS_Plate5_D11_Lane3
18032FL-115-07-85_L004,EvolvingFront_WGS_Plate5_E11_Lane3
18032FL-115-07-86_L004,EvolvingFront_WGS_Plate5_F11_Lane3
18032FL-115-07-87_L004,EvolvingFront_WGS_Plate5_G11_Lane3
18032FL-115-07-88_L004,EvolvingFront_WGS_Plate5_H11_Lane3
18032FL-115-07-89_L004,EvolvingFront_WGS_Plate5_A12_Lane3
18032FL-115-07-90_L004,EvolvingFront_WGS_Plate5_B12_Lane3
18032FL-115-07-91_L004,EvolvingFront_WGS_Plate5_C12_Lane3
18032FL-115-07-92_L004,EvolvingFront_WGS_Plate5_D12_Lane3
18032FL-115-07-93_L004,EvolvingFront_WGS_Plate5_E12_Lane3
18032FL-115-07-94_L004,EvolvingFront_WGS_Plate5_F12_Lane3
18032FL-115-07-95_L004,EvolvingFront_WGS_Plate5_G12_Lane3
18032FL-115-07-96_L004,EvolvingFront_WGS_Plate5_H12_Lane3
18032FL-115-07-01_L005,EvolvingFront_WGS_Plate5_A01_Lane4
18032FL-115-07-02_L005,EvolvingFront_WGS_Plate5_B01_Lane4
18032FL-115-07-03_L005,EvolvingFront_WGS_Plate5_C01_Lane4
18032FL-115-07-04_L005,EvolvingFront_WGS_Plate5_D01_Lane4
18032FL-115-07-05_L005,EvolvingFront_WGS_Plate5_E01_Lane4
18032FL-115-07-06_L005,EvolvingFront_WGS_Plate5_F01_Lane4
18032FL-115-07-07_L005,EvolvingFront_WGS_Plate5_G01_Lane4
18032FL-115-07-08_L005,EvolvingFront_WGS_Plate5_H01_Lane4
18032FL-115-07-09_L005,EvolvingFront_WGS_Plate5_A02_Lane4
18032FL-115-07-10_L005,EvolvingFront_WGS_Plate5_B02_Lane4
18032FL-115-07-11_L005,EvolvingFront_WGS_Plate5_C02_Lane4
18032FL-115-07-12_L005,EvolvingFront_WGS_Plate5_D02_Lane4
18032FL-115-07-13_L005,EvolvingFront_WGS_Plate5_E02_Lane4
18032FL-115-07-14_L005,EvolvingFront_WGS_Plate5_F02_Lane4
18032FL-115-07-15_L005,EvolvingFront_WGS_Plate5_G02_Lane4
18032FL-115-07-16_L005,EvolvingFront_WGS_Plate5_H02_Lane4
18032FL-115-07-17_L005,EvolvingFront_WGS_Plate5_A03_Lane4
18032FL-115-07-18_L005,EvolvingFront_WGS_Plate5_B03_Lane4
18032FL-115-07-19_L005,EvolvingFront_WGS_Plate5_C03_Lane4
18032FL-115-07-20_L005,EvolvingFront_WGS_Plate5_D03_Lane4
18032FL-115-07-21_L005,EvolvingFront_WGS_Plate5_E03_Lane4
18032FL-115-07-22_L005,EvolvingFront_WGS_Plate5_F03_Lane4
18032FL-115-07-23_L005,EvolvingFront_WGS_Plate5_G03_Lane4
18032FL-115-07-24_L005,EvolvingFront_WGS_Plate5_H03_Lane4
18032FL-115-07-25_L005,EvolvingFront_WGS_Plate5_A04_Lane4
18032FL-115-07-26_L005,EvolvingFront_WGS_Plate5_B04_Lane4
18032FL-115-07-27_L005,EvolvingFront_WGS_Plate5_C04_Lane4
18032FL-115-07-28_L005,EvolvingFront_WGS_Plate5_D04_Lane4
18032FL-115-07-29_L005,EvolvingFront_WGS_Plate5_E04_Lane4
18032FL-115-07-30_L005,EvolvingFront_WGS_Plate5_F04_Lane4
18032FL-115-07-31_L005,EvolvingFront_WGS_Plate5_G04_Lane4
18032FL-115-07-32_L005,EvolvingFront_WGS_Plate5_H04_Lane4
18032FL-115-07-33_L005,EvolvingFront_WGS_Plate5_A05_Lane4
18032FL-115-07-34_L005,EvolvingFront_WGS_Plate5_B05_Lane4
18032FL-115-07-35_L005,EvolvingFront_WGS_Plate5_C05_Lane4
18032FL-115-07-36_L005,EvolvingFront_WGS_Plate5_D05_Lane4
18032FL-115-07-37_L005,EvolvingFront_WGS_Plate5_E05_Lane4
18032FL-115-07-38_L005,EvolvingFront_WGS_Plate5_F05_Lane4
18032FL-115-07-39_L005,EvolvingFront_WGS_Plate5_G05_Lane4
18032FL-115-07-40_L005,EvolvingFront_WGS_Plate5_H05_Lane4
18032FL-115-07-41_L005,EvolvingFront_WGS_Plate5_A06_Lane4
18032FL-115-07-42_L005,EvolvingFront_WGS_Plate5_B06_Lane4
18032FL-115-07-43_L005,EvolvingFront_WGS_Plate5_C06_Lane4
18032FL-115-07-44_L005,EvolvingFront_WGS_Plate5_D06_Lane4
18032FL-115-07-45_L005,EvolvingFront_WGS_Plate5_E06_Lane4
18032FL-115-07-46_L005,EvolvingFront_WGS_Plate5_F06_Lane4
18032FL-115-07-47_L005,EvolvingFront_WGS_Plate5_G06_Lane4
18032FL-115-07-48_L005,EvolvingFront_WGS_Plate5_H06_Lane4
18032FL-115-07-49_L005,EvolvingFront_WGS_Plate5_A07_Lane4
18032FL-115-07-50_L005,EvolvingFront_WGS_Plate5_B07_Lane4
18032FL-115-07-51_L005,EvolvingFront_WGS_Plate5_C07_Lane4
18032FL-115-07-52_L005,EvolvingFront_WGS_Plate5_D07_Lane4
18032FL-115-07-53_L005,EvolvingFront_WGS_Plate5_E07_Lane4
18032FL-115-07-54_L005,EvolvingFront_WGS_Plate5_F07_Lane4
18032FL-115-07-55_L005,EvolvingFront_WGS_Plate5_G07_Lane4
18032FL-115-07-56_L005,EvolvingFront_WGS_Plate5_H07_Lane4
18032FL-115-07-57_L005,EvolvingFront_WGS_Plate5_A08_Lane4
18032FL-115-07-58_L005,EvolvingFront_WGS_Plate5_B08_Lane4
18032FL-115-07-59_L005,EvolvingFront_WGS_Plate5_C08_Lane4
18032FL-115-07-60_L005,EvolvingFront_WGS_Plate5_D08_Lane4
18032FL-115-07-61_L005,EvolvingFront_WGS_Plate5_E08_Lane4
18032FL-115-07-62_L005,EvolvingFront_WGS_Plate5_F08_Lane4
18032FL-115-07-63_L005,EvolvingFront_WGS_Plate5_G08_Lane4
18032FL-115-07-64_L005,EvolvingFront_WGS_Plate5_H08_Lane4
18032FL-115-07-65_L005,EvolvingFront_WGS_Plate5_A09_Lane4
18032FL-115-07-66_L005,EvolvingFront_WGS_Plate5_B09_Lane4
18032FL-115-07-67_L005,EvolvingFront_WGS_Plate5_C09_Lane4
18032FL-115-07-68_L005,EvolvingFront_WGS_Plate5_D09_Lane4
18032FL-115-07-69_L005,EvolvingFront_WGS_Plate5_E09_Lane4
18032FL-115-07-70_L005,EvolvingFront_WGS_Plate5_F09_Lane4
18032FL-115-07-71_L005,EvolvingFront_WGS_Plate5_G09_Lane4
18032FL-115-07-72_L005,EvolvingFront_WGS_Plate5_H09_Lane4
18032FL-115-07-73_L005,EvolvingFront_WGS_Plate5_A10_Lane4
18032FL-115-07-74_L005,EvolvingFront_WGS_Plate5_B10_Lane4
18032FL-115-07-75_L005,EvolvingFront_WGS_Plate5_C10_Lane4
18032FL-115-07-76_L005,EvolvingFront_WGS_Plate5_D10_Lane4
18032FL-115-07-77_L005,EvolvingFront_WGS_Plate5_E10_Lane4
18032FL-115-07-78_L005,EvolvingFront_WGS_Plate5_F10_Lane4
18032FL-115-07-79_L005,EvolvingFront_WGS_Plate5_G10_Lane4
18032FL-115-07-80_L005,EvolvingFront_WGS_Plate5_H10_Lane4
18032FL-115-07-81_L005,EvolvingFront_WGS_Plate5_A11_Lane4
18032FL-115-07-82_L005,EvolvingFront_WGS_Plate5_B11_Lane4
18032FL-115-07-83_L005,EvolvingFront_WGS_Plate5_C11_Lane4
18032FL-115-07-84_L005,EvolvingFront_WGS_Plate5_D11_Lane4
18032FL-115-07-85_L005,EvolvingFront_WGS_Plate5_E11_Lane4
18032FL-115-07-86_L005,EvolvingFront_WGS_Plate5_F11_Lane4
18032FL-115-07-87_L005,EvolvingFront_WGS_Plate5_G11_Lane4
18032FL-115-07-88_L005,EvolvingFront_WGS_Plate5_H11_Lane4
18032FL-115-07-89_L005,EvolvingFront_WGS_Plate5_A12_Lane4
18032FL-115-07-90_L005,EvolvingFront_WGS_Plate5_B12_Lane4
18032FL-115-07-91_L005,EvolvingFront_WGS_Plate5_C12_Lane4
18032FL-115-07-92_L005,EvolvingFront_WGS_Plate5_D12_Lane4
18032FL-115-07-93_L005,EvolvingFront_WGS_Plate5_E12_Lane4
18032FL-115-07-94_L005,EvolvingFront_WGS_Plate5_F12_Lane4
18032FL-115-07-95_L005,EvolvingFront_WGS_Plate5_G12_Lane4
18032FL-115-07-96_L005,EvolvingFront_WGS_Plate5_H12_Lane4