source_well,destination_well,barcode
cyr1_evo1_plate1-B10,Aggeli_CYR1_sequencingRearray_Plate1-A1,AGAACAAAAACTAAACTCATTCATGG_GTCGGAACGCGTAAGGTCGTTGCCAG
cyr1_evo1_plate1-C4,Aggeli_CYR1_sequencingRearray_Plate1-A2,GACAGAAAAGCCAAATGGATTTACCG_TCTTTAATGTAAAACTTCTTTTAGGT
cyr1_evo1_plate1-D6,Aggeli_CYR1_sequencingRearray_Plate1-A3,GACAGAAAAGCCAAATGGATTTACCG_CCCAGAAATTTAAATTTGCTTAACAC
cyr1_evo1_plate2-A7,Aggeli_CYR1_sequencingRearray_Plate1-A4,CTAGAAATCTCAAAAACTTTTGGCTG_TTCTGAACGCATAATCAAGTTTCAAA
cyr1_evo1_plate2-B2,Aggeli_CYR1_sequencingRearray_Plate1-A5,GACAGAAAAGCCAAATGGATTTACCG_GTTATAACACCTAAATAGCTTGGATG
cyr1_evo1_plate2-C6,Aggeli_CYR1_sequencingRearray_Plate1-A6,AGAACAAAAACTAAACTCATTCATGG_ATCTAAAAAATCAACTTGATTCACGA
cyr1_evo1_plate2-D3,Aggeli_CYR1_sequencingRearray_Plate1-A7,GACAGAAAAGCCAAATGGATTTACCG_AGAACAAAATACAACGAATTTTCATA
cyr1_evo1_plate2-G2,Aggeli_CYR1_sequencingRearray_Plate1-A8,CTAGAAATCTCAAAAACTTTTGGCTG_AAAAGAAAGATGAAAAAAATTCTAGT
cyr1_evo1_plate2-H2,Aggeli_CYR1_sequencingRearray_Plate1-A9,ACTTAAAAAGCAAACATGATTATTCA_GATCAAAATAGCAACTTTCTTCTTTT
cyr1_evo1_plate3-A1,Aggeli_CYR1_sequencingRearray_Plate1-A10,GACAGAAAAGCCAAATGGATTTACCG_TAGAAAACAAAGAATCTCCTTCTTCT
cyr1_evo1_plate3-A6,Aggeli_CYR1_sequencingRearray_Plate1-A11,AGAACAAAAACTAAACTCATTCATGG_ACCCGAACAATGAAATAAATTGGGTG
cyr1_evo1_plate3-A7,Aggeli_CYR1_sequencingRearray_Plate1-A12,GACAGAAAAGCCAAATGGATTTACCG_ACATCAAATCCAAAAACCTTTATACT
cyr1_evo1_plate3-B1,Aggeli_CYR1_sequencingRearray_Plate1-B1,GACAGAAAAGCCAAATGGATTTACCG_GAAGAAACAGCGAACAGGCTTTTTTA
cyr1_evo1_plate3-C4,Aggeli_CYR1_sequencingRearray_Plate1-B2,GACAGAAAAGCCAAATGGATTTACCG_TACTCAATCGAAAATTATATTATTAA
cyr1_evo1_plate3-C6,Aggeli_CYR1_sequencingRearray_Plate1-B3,GACAGAAAAGCCAAATGGATTTACCG_AGTAGAAATGGAAACCTAATTAAAAC
cyr1_evo1_plate3-C12,Aggeli_CYR1_sequencingRearray_Plate1-B4,GACAGAAAAGCCAAATGGATTTACCG_AAGACAAACTTTAACTTATTTCTACG
cyr1_evo1_plate3-E8,Aggeli_CYR1_sequencingRearray_Plate1-B5,GACAGAAAAGCCAAATGGATTTACCG_GCGTCAATGGAAAAGCGAATTGCGGG
cyr1_evo1_plate3-G1,Aggeli_CYR1_sequencingRearray_Plate1-B6,GACAGAAAAGCCAAATGGATTTACCG_AGCTGAATTACAAAATTTCTTATTAT
cyr1_evo1_plate3-G11,Aggeli_CYR1_sequencingRearray_Plate1-B7,CAGAAAAGCCATAACGCTATTTGAAA_CTTTGAATAGAAAATGTCCTTCGTAA
cyr1_evo1_plate4-A3,Aggeli_CYR1_sequencingRearray_Plate1-B8,CTAGAAATCTCAAAAACTTTTGGCTG_GAAAAAAACCTGAATCTGTTTTGAAG
cyr1_evo1_plate4-B1,Aggeli_CYR1_sequencingRearray_Plate1-B9,GACAGAAAAGCCAAATGGATTTACCG_TTACAAATTTCAAAGAACTTTTCCAT
cyr1_evo1_plate4-C8,Aggeli_CYR1_sequencingRearray_Plate1-B10,ACTTAAAAAGCAAACATGATTATTCA_CATTGAACGAGCAATGGTATTTGTGC
cyr1_evo1_plate4-D3,Aggeli_CYR1_sequencingRearray_Plate1-B11,CTAGAAATCTCAAAAACTTTTGGCTG_GTAATAACCATAAAAATCATTTTATC
cyr1_evo1_plate4-D4,Aggeli_CYR1_sequencingRearray_Plate1-B12,AGAACAAAAACTAAACTCATTCATGG_AGAAGAAAACTCAATTAGCTTAGATC
cyr1_evo1_plate4-E4,Aggeli_CYR1_sequencingRearray_Plate1-C1,GACAGAAAAGCCAAATGGATTTACCG_TTAACAAATCTTAAGGTAATTCATTT
cyr1_evo1_plate4-E9,Aggeli_CYR1_sequencingRearray_Plate1-C2,CTAGAAATCTCAAAAACTTTTGGCTG_TCTAGAAAAATTAACGATCTTTATAG
cyr1_evo1_plate4-F6,Aggeli_CYR1_sequencingRearray_Plate1-C3,AGAACAAAAACTAAACTCATTCATGG_ATAACAAACAAGAACGCAATTACAAT
cyr1_evo1_plate4-H6,Aggeli_CYR1_sequencingRearray_Plate1-C4,CAGAAAAGCCATAACGCTATTTGAAA_GCGTAAATCACTAACGTATTTTGCTA
cyr1_evo1_plate5-A5,Aggeli_CYR1_sequencingRearray_Plate1-C5,GACAGAAAAGCCAAATGGATTTACCG_ATCAGAAGATGCAACAATGTTATCAA
cyr1_evo1_plate5-A12,Aggeli_CYR1_sequencingRearray_Plate1-C6,CAGAAAAGCCATAACGCTATTTGAAA_AAACCAAATTGTAAATGCCTTGCATT
cyr1_evo1_plate5-B7,Aggeli_CYR1_sequencingRearray_Plate1-C7,AGAACAAAAACTAAACTCATTCATGG_TTTATAATAGTAAAGTCCCTTAATAG
cyr1_evo1_plate5-F12,Aggeli_CYR1_sequencingRearray_Plate1-C8,ACTTAAAAAGCAAACATGATTATTCA_CTCTAAATACATAAGTGTTTTCTCGT
cyr1_evo1_plate5-H12,Aggeli_CYR1_sequencingRearray_Plate1-C9,AGAACAAAAACTAAACTCATTCATGG_GTGTGAATATTTAAGTAAATTTGAAT
cyr1_evo1_plate6-A5,Aggeli_CYR1_sequencingRearray_Plate1-C10,GACAGAAAAGCCAAATGGATTTACCG_TCTAGAACAGATAATGTAGTTGTCGT
cyr1_evo1_plate6-A10,Aggeli_CYR1_sequencingRearray_Plate1-C11,AGAACAAAAACTAAACTCATTCATGG_GGCTAAAAGGTGAATATTTTTATTAT
cyr1_evo1_plate6-C2,Aggeli_CYR1_sequencingRearray_Plate1-C12,CAGAAAAGCCATAACGCTATTTGAAA_ATATTAAACCCCAAGCAAGTTCTTGC
cyr1_evo1_plate6-D3,Aggeli_CYR1_sequencingRearray_Plate1-D1,GACAGAAAAGCCAAATGGATTTACCG_CGCGAAAATAGCTACACTGTTTCACG
cyr1_evo1_plate6-E4,Aggeli_CYR1_sequencingRearray_Plate1-D2,AGAACAAAAACTAAACTCATTCATGG_TAAGTAACGCTGAACGTTCTTGAGCA
cyr1_evo1_plate6-G5,Aggeli_CYR1_sequencingRearray_Plate1-D3,CTAGAAATCTCAAAAACTTTTGGCTG_AAAGAAAAACTTAAAATGGTTTAGTG
cyr1_evo1_plate6-G11,Aggeli_CYR1_sequencingRearray_Plate1-D4,CAGAAAAGCCATAACGCTATTTGAAA_TTACAAACCTTGAAAACGATTGTATT
cyr1_evo1_plate7-A3,Aggeli_CYR1_sequencingRearray_Plate1-D5,ACTTAAAAAGCAAACATGATTATTCA_GTAAAAACTGGTAATGCAATTAAATA
cyr1_evo1_plate7-C2,Aggeli_CYR1_sequencingRearray_Plate1-D6,GACAGAAAAGCCAAATGGATTTACCG_TTTATAAGTGCGAACCTTGTTTGTCA
cyr1_evo1_plate7-D8,Aggeli_CYR1_sequencingRearray_Plate1-D7,AGAACAAAAACTAAACTCATTCATGG_CGCGGAACCGGTAACGGAGTTGGGGC
cyr1_evo1_plate7-G8,Aggeli_CYR1_sequencingRearray_Plate1-D8,CAGAAAAGCCATAACGCTATTTGAAA_ACAAGAAGTATTAAATAAATTGGTTA
cyr1_evo1_plate8-A10,Aggeli_CYR1_sequencingRearray_Plate1-D9,ACTTAAAAAGCAAACATGATTATTCA_CCAACAAAAAACAAGAAACTTACTTT
cyr1_evo1_plate8-B1,Aggeli_CYR1_sequencingRearray_Plate1-D10,AGAACAAAAACTAAACTCATTCATGG_TACCCAAAACGTAAAAGTTTTGTTGG
cyr1_evo1_plate8-B12,Aggeli_CYR1_sequencingRearray_Plate1-D11,GACAGAAAAGCCAAATGGATTTACCG_GTGTGAAAGCCGAATAATATTTAGAT
cyr1_evo1_plate8-C9,Aggeli_CYR1_sequencingRearray_Plate1-D12,ACTTAAAAAGCAAACATGATTATTCA_ATCTGAACTAGTAAATGTATTTTGCT
cyr1_evo1_plate8-C10,Aggeli_CYR1_sequencingRearray_Plate1-E1,CTAGAAATCTCAAAAACTTTTGGCTG_ACCCCAATCATAAATAGACTTGTACA
cyr1_evo1_plate8-D3,Aggeli_CYR1_sequencingRearray_Plate1-E2,AGAACAAAAACTAAACTCATTCATGG_CGACCAACTCCAAACACTTTTTAGCT
cyr1_evo1_plate8-D12,Aggeli_CYR1_sequencingRearray_Plate1-E3,CTAGAAATCTCAAAAACTTTTGGCTG_ATAAGAACGATAAATTAGATTTCTAT
cyr1_evo1_plate8-E7,Aggeli_CYR1_sequencingRearray_Plate1-E4,ACTTAAAAAGCAAACATGATTATTCA_TTATTAAACGGAAATATTGTTTCCCT
cyr1_evo1_plate8-F4,Aggeli_CYR1_sequencingRearray_Plate1-E5,GACAGAAAAGCCAAATGGATTTACCG_TCAATAACACGCAAATACCTTTAGAC
cyr1_evo1_plate8-F7,Aggeli_CYR1_sequencingRearray_Plate1-E6,GACAGAAAAGCCAAATGGATTTACCG_ATAATAATCTATAACAACTTTCTGAC
cyr1_evo1_plate8-F12,Aggeli_CYR1_sequencingRearray_Plate1-E7,GACAGAAAAGCCAAATGGATTTACCG_AATACAAACTTTAAGGTCCTTCCGAA
cyr1_evo1_plate9-A1,Aggeli_CYR1_sequencingRearray_Plate1-E8,GACAGAAAAGCCAAATGGATTTACCG_TCGTCAATACGTAAGTCATTTCATAA
cyr1_evo1_plate9-A5,Aggeli_CYR1_sequencingRearray_Plate1-E9,GACAGAAAAGCCAAATGGATTTACCG_GATACAATTTTAAATGAATTTAACAA
cyr1_evo1_plate9-B1,Aggeli_CYR1_sequencingRearray_Plate1-E10,GACAGAAAAGCCAAATGGATTTACCG_GACCCAAAAGACAACCCGTTTTAGTG
cyr1_evo1_plate9-B2,Aggeli_CYR1_sequencingRearray_Plate1-E11,GACAGAAAAGCCAAATGGATTTACCG_AGTTAAAGCCCGAAAGCGGTTAGCTT
cyr1_evo1_plate9-C1,Aggeli_CYR1_sequencingRearray_Plate1-E12,GACAGAAAAGCCAAATGGATTTACCG_CGACAAATCCCGAAGAACTTTTTTTA
cyr1_evo1_plate9-F3,Aggeli_CYR1_sequencingRearray_Plate1-F1,GACAGAAAAGCCAAATGGATTTACCG_CGTCCAACCCACAAACATTTTGCGTA
cyr1_evo1_plate9-G11,Aggeli_CYR1_sequencingRearray_Plate1-F2,ACTTAAAAAGCAAACATGATTATTCA_TCAAAAAGATCAAAGAGTATTGCCTT
cyr1_evo1_plate9-H2,Aggeli_CYR1_sequencingRearray_Plate1-F3,GACAGAAAAGCCAAATGGATTTACCG_TCCGTAAGATTGAAACATTTTCGTAA
cyr1_evo1_plate9-H3,Aggeli_CYR1_sequencingRearray_Plate1-F4,GACAGAAAAGCCAAATGGATTTACCG_CTTGGAAACATAAACGATCTTATCTA
cyr1_evo1_plate9-H10,Aggeli_CYR1_sequencingRearray_Plate1-F5,AGAACAAAAACTAAACTCATTCATGG_GTGCAAATAGTTAAACAAATTGTATA
cyr1_evo1_plate10-B10,Aggeli_CYR1_sequencingRearray_Plate1-F6,GACAGAAAAGCCAAATGGATTTACCG_ACACGAAACTCCAAAGAATTTCTCCC
cyr1_evo1_plate10-C4,Aggeli_CYR1_sequencingRearray_Plate1-F7,GACAGAAAAGCCAAATGGATTTACCG_GCAAAAAGTATGAAAGGATTTTTGAG
cyr1_evo1_plate10-C7,Aggeli_CYR1_sequencingRearray_Plate1-F8,AGAACAAAAACTAAACTCATTCATGG_ACTTAAAAAAGGAAGAGTTTTTTCGA
cyr1_evo1_plate10-D1,Aggeli_CYR1_sequencingRearray_Plate1-F9,GACAGAAAAGCCAAATGGATTTACCG_GAATGAAAAAAAAAAAGCTTTTTGAT
cyr1_evo1_plate10-D2,Aggeli_CYR1_sequencingRearray_Plate1-F10,GACAGAAAAGCCAAATGGATTTACCG_ATCTTAATATCAAGACTTTTTTTCG
cyr1_evo1_plate10-E3,Aggeli_CYR1_sequencingRearray_Plate1-F11,CAGAAAAGCCATAACGCTATTTGAAA_TTATTAATCGTAAACTGTCTTTACGG
cyr1_evo1_plate10-E6,Aggeli_CYR1_sequencingRearray_Plate1-F12,GACAGAAAAGCCAAATGGATTTACCG_TGAACAATGCGCAATATCATTTTGTT
cyr1_evo1_plate10-F3,Aggeli_CYR1_sequencingRearray_Plate1-G1,AGAACAAAAACTAAACTCATTCATGG_CGGAGAAGTGGCAAGAAGATTGTGAC
cyr1_evo1_plate10-F8,Aggeli_CYR1_sequencingRearray_Plate1-G2,CTAGAAATCTCAAAAACTTTTGGCTG_CATATAAATATAAACCGGTTTACTCT
cyr1_evo1_plate10-G4,Aggeli_CYR1_sequencingRearray_Plate1-G3,ACTTAAAAAGCAAACATGATTATTCA_GTATAAACACACAATTGCATTTCTGT
cyr1_evo1_plate10-G6,Aggeli_CYR1_sequencingRearray_Plate1-G4,GACAGAAAAGCCAAATGGATTTACCG_ATGGTAACATGTAATCTAGTTGTATC
cyr1_evo1_plate10-G10,Aggeli_CYR1_sequencingRearray_Plate1-G5,GACAGAAAAGCCAAATGGATTTACCG_CCAACAAAAGTCAACTTGATTCTCAT
cyr1_evo1_plate10-H9,Aggeli_CYR1_sequencingRearray_Plate1-G6,AGAACAAAAACTAAACTCATTCATGG_CCATTAACAATAAATTCGCTTATATC
cyr1_evo1_plate10-H12,Aggeli_CYR1_sequencingRearray_Plate1-G7,GACAGAAAAGCCAAATGGATTTACCG_TTGTTAACTGGAAATACTGTTGCATA
