file_prefix,doubleBC,BC1,BC2
EVO3D_IRA1_NON_rearray_Plate1-D5,_,,
EVO3D_IRA1_NON_rearray_Plate1-D7,_,,
EVO3D_IRA1_NON_rearray_Plate1-E1,_,,
EVO3D_IRA1_NON_rearray_Plate1-E2,ACTGGAAATCCCAATCAATTTGAAGG_ATCACAATAACTAAACTGATTCTTCA,ACTGGAAATCCCAATCAATTTGAAGG,ATCACAATAACTAAACTGATTCTTCA
EVO3D_IRA1_NON_rearray_Plate1-E4,_,,
EVO3D_IRA1_NON_rearray_Plate1-E8,CCTGGAAAGGGTAACACGTTTCGGAA_ATCACAATAACTAAACTGATTCTTCA,CCTGGAAAGGGTAACACGTTTCGGAA,ATCACAATAACTAAACTGATTCTTCA
EVO3D_IRA1_NON_rearray_Plate2-B10,_,,
EVO3D_IRA1_NON_rearray_Plate2-B11,CGTTTAAAAACTAATCAAATTCGAGT_ATCACAATAACTAAACTGATTCTTCA,CGTTTAAAAACTAATCAAATTCGAGT,ATCACAATAACTAAACTGATTCTTCA
EVO3D_IRA1_NON_rearray_Plate2-B12,GAGAGAAAACCGAATGGTTTTGTCAC_ATCACAATAACTAAACTGATTCTTCA,GAGAGAAAACCGAATGGTTTTGTCAC,ATCACAATAACTAAACTGATTCTTCA
EVO3D_IRA1_NON_rearray_Plate2-C3,_,,
EVO3D_IRA1_NON_rearray_Plate2-C4,_,,
EVO3D_IRA1_NON_rearray_Plate2-C10,GCTCTAAAAGCAAAAGGTTTTTGAGA_ATCACAATAACTAAACTGATTCTTCA,GCTCTAAAAGCAAAAGGTTTTTGAGA,ATCACAATAACTAAACTGATTCTTCA
EVO3D_IRA1_NON_rearray_Plate2-C11,_,,
EvolvingFront_WGS_Plate3_A01,CGCCCAATTTCCAATATCTTTAAGCT_CCAACAAAACACAAATCTGTTGTGTA,CGCCCAATTTCCAATATCTTTAAGCT,CCAACAAAACACAAATCTGTTGTGTA
EvolvingFront_WGS_Plate3_A02,GCGAGAATTTGAAAACCACTTAATCA_CCAACAAAACACAAATCTGTTGTGTA,GCGAGAATTTGAAAACCACTTAATCA,CCAACAAAACACAAATCTGTTGTGTA
EvolvingFront_WGS_Plate3_A03,AGAGCAAAGGTGAATGTAGTTTAATG_CCAACAAAACACAAATCTGTTGTGTA,AGAGCAAAGGTGAATGTAGTTTAATG,CCAACAAAACACAAATCTGTTGTGTA
EvolvingFront_WGS_Plate3_A04,ACCATAAGTTTTAAAAGAGTTATTGC_CCAACAAAACACAAATCTGTTGTGTA,ACCATAAGTTTTAAAAGAGTTATTGC,CCAACAAAACACAAATCTGTTGTGTA
EvolvingFront_WGS_Plate3_A05,TACGAAAAATATAAAGGAGTTTATTT_CCAACAAAACACAAATCTGTTGTGTA,TACGAAAAATATAAAGGAGTTTATTT,CCAACAAAACACAAATCTGTTGTGTA
EvolvingFront_WGS_Plate3_A06,_,,
EvolvingFront_WGS_Plate3_A07,AAAATAACAAAGAATATGGTTACTCT_CCAACAAAACACAAATCTGTTGTGTA,AAAATAACAAAGAATATGGTTACTCT,CCAACAAAACACAAATCTGTTGTGTA
EvolvingFront_WGS_Plate3_A08,ACCATAAAATGTAATGCGTTTCAGTG_CCAACAAAACACAAATCTGTTGTGTA,ACCATAAAATGTAATGCGTTTCAGTG,CCAACAAAACACAAATCTGTTGTGTA
EvolvingFront_WGS_Plate3_A09,CGTTCAACTACGAACCTATTTTTTA_CCAACAAAACACAAATCTGTTGTGTA,CGTTCAACTACGAACCTATTTTTTA,CCAACAAAACACAAATCTGTTGTGTA
EvolvingFront_WGS_Plate3_A10,GGCTCAACGTGTAAGGGGGTTGGAGG_CCAACAAAACACAAATCTGTTGTGTA,GGCTCAACGTGTAAGGGGGTTGGAGG,CCAACAAAACACAAATCTGTTGTGTA
EvolvingFront_WGS_Plate3_A11,_,,
EvolvingFront_WGS_Plate3_A12,TCATAAATATTGAAAGACGTTTCGAG_CCAACAAAACACAAATCTGTTGTGTA,TCATAAATATTGAAAGACGTTTCGAG,CCAACAAAACACAAATCTGTTGTGTA
EvolvingFront_WGS_Plate3_B01,AACGCAAGAGGTAAGGGGATTGGGTG_CCAACAAAACACAAATCTGTTGTGTA,AACGCAAGAGGTAAGGGGATTGGGTG,CCAACAAAACACAAATCTGTTGTGTA
EvolvingFront_WGS_Plate3_B02,CTCTTAAAATCTAAGCGCATTAGAGT_CCAACAAAACACAAATCTGTTGTGTA,CTCTTAAAATCTAAGCGCATTAGAGT,CCAACAAAACACAAATCTGTTGTGTA
EvolvingFront_WGS_Plate3_B03,GGAGTAAACGGAAACTGATTTGAAAG_CCAACAAAACACAAATCTGTTGTGTA,GGAGTAAACGGAAACTGATTTGAAAG,CCAACAAAACACAAATCTGTTGTGTA
EvolvingFront_WGS_Plate3_B04,ACGATAAGGTTAAACAGCATTTCTGT_CCAACAAAACACAAATCTGTTGTGTA,ACGATAAGGTTAAACAGCATTTCTGT,CCAACAAAACACAAATCTGTTGTGTA
EvolvingFront_WGS_Plate3_B05,TTCCCAACTAGCAAGGCGCTTTTGGA_CCAACAAAACACAAATCTGTTGTGTA,TTCCCAACTAGCAAGGCGCTTTTGGA,CCAACAAAACACAAATCTGTTGTGTA
EvolvingFront_WGS_Plate3_B06,AATGCAACGGTTAATGTGTATTATGTA_CCAACAAAACACAAATCTGTTGTGTA,AATGCAACGGTTAATGTGTATTATGTA,CCAACAAAACACAAATCTGTTGTGTA
EvolvingFront_WGS_Plate3_B07,CGGCAAACAGGGAACGTAGTTAGGGG_CCAACAAAACACAAATCTGTTGTGTA,CGGCAAACAGGGAACGTAGTTAGGGG,CCAACAAAACACAAATCTGTTGTGTA
EvolvingFront_WGS_Plate3_B08,CGACCAAACAGTAAGTGGTTTTAGCC_CCAACAAAACACAAATCTGTTGTGTA,CGACCAAACAGTAAGTGGTTTTAGCC,CCAACAAAACACAAATCTGTTGTGTA
EvolvingFront_WGS_Plate3_B09,CTCCTAAACTGTAAATTAGTTGACGC_CCAACAAAACACAAATCTGTTGTGTA,CTCCTAAACTGTAAATTAGTTGACGC,CCAACAAAACACAAATCTGTTGTGTA
EvolvingFront_WGS_Plate3_B10,CGCTAAATTCTAAACGATTTTTCAGT_CCAACAAAACACAAATCTGTTGTGTA,CGCTAAATTCTAAACGATTTTTCAGT,CCAACAAAACACAAATCTGTTGTGTA
EvolvingFront_WGS_Plate3_B11,CGCCTAAACAATAAATTCGTTAAGCC_CCAACAAAACACAAATCTGTTGTGTA,CGCCTAAACAATAAATTCGTTAAGCC,CCAACAAAACACAAATCTGTTGTGTA
EvolvingFront_WGS_Plate3_B12,CTGTCAAGATGGAACGGTGTTGGGAG_CCAACAAAACACAAATCTGTTGTGTA,CTGTCAAGATGGAACGGTGTTGGGAG,CCAACAAAACACAAATCTGTTGTGTA
EvolvingFront_WGS_Plate3_C01,GCAGGAAGAGTAAAAGGCTTTGGCGT_CCAACAAAACACAAATCTGTTGTGTA,GCAGGAAGAGTAAAAGGCTTTGGCGT,CCAACAAAACACAAATCTGTTGTGTA
EvolvingFront_WGS_Plate3_C02,TATAGAACCATCAAAGAGTTTATGCT_CCAACAAAACACAAATCTGTTGTGTA,TATAGAACCATCAAAGAGTTTATGCT,CCAACAAAACACAAATCTGTTGTGTA
EvolvingFront_WGS_Plate3_C03,AGACTAAGTGGAAATAGAGTTTAGAC_CCAACAAAACACAAATCTGTTGTGTA,AGACTAAGTGGAAATAGAGTTTAGAC,CCAACAAAACACAAATCTGTTGTGTA
EvolvingFront_WGS_Plate3_C04,CTCAAAAAAAATAAATTCGTTTATTA_CCAACAAAACACAAATCTGTTGTGTA,CTCAAAAAAAATAAATTCGTTTATTA,CCAACAAAACACAAATCTGTTGTGTA
EvolvingFront_WGS_Plate3_C05,CCACCAACATGCAATGATATTTATGA_CCAACAAAACACAAATCTGTTGTGTA,CCACCAACATGCAATGATATTTATGA,CCAACAAAACACAAATCTGTTGTGTA
EvolvingFront_WGS_Plate3_C06,CCCTTAATCAAAAATTCAGTTTCTCA_CCAACAAAACACAAATCTGTTGTGTA,CCCTTAATCAAAAATTCAGTTTCTCA,CCAACAAAACACAAATCTGTTGTGTA
EvolvingFront_WGS_Plate3_C07,TGGCTAATATCAAAATAGGTTAAGTG_CCAACAAAACACAAATCTGTTGTGTA,TGGCTAATATCAAAATAGGTTAAGTG,CCAACAAAACACAAATCTGTTGTGTA
EvolvingFront_WGS_Plate3_C08,TTATCAAGACTGAAAATCGTTGAGCG_CCAACAAAACACAAATCTGTTGTGTA,TTATCAAGACTGAAAATCGTTGAGCG,CCAACAAAACACAAATCTGTTGTGTA
EvolvingFront_WGS_Plate3_C09,TCTCCAATAGCTAAGTGTTTTGCACG_CCAACAAAACACAAATCTGTTGTGTA,TCTCCAATAGCTAAGTGTTTTGCACG,CCAACAAAACACAAATCTGTTGTGTA
EvolvingFront_WGS_Plate3_C10,TTCCCAACATATAACTAGCTTATTGC_CCAACAAAACACAAATCTGTTGTGTA,TTCCCAACATATAACTAGCTTATTGC,CCAACAAAACACAAATCTGTTGTGTA
EvolvingFront_WGS_Plate3_C11,TAAAAAAGGTGGAAGGGTTTTCGTAC_CCAACAAAACACAAATCTGTTGTGTA,TAAAAAAGGTGGAAGGGTTTTCGTAC,CCAACAAAACACAAATCTGTTGTGTA
EvolvingFront_WGS_Plate3_C12,TTATGAACTCAAAAACATGTTTCTTC_CCAACAAAACACAAATCTGTTGTGTA,TTATGAACTCAAAAACATGTTTCTTC,CCAACAAAACACAAATCTGTTGTGTA
EvolvingFront_WGS_Plate3_D01,TCAGGAATGTCAAATGTATTTTGTTC_CCAACAAAACACAAATCTGTTGTGTA,TCAGGAATGTCAAATGTATTTTGTTC,CCAACAAAACACAAATCTGTTGTGTA
EvolvingFront_WGS_Plate3_D02,ATCCGAAAACGCAATCTTATTGTCGA_CCAACAAAACACAAATCTGTTGTGTA,ATCCGAAAACGCAATCTTATTGTCGA,CCAACAAAACACAAATCTGTTGTGTA
EvolvingFront_WGS_Plate3_D03,CGGCTAACAGACAAACGATTTTACTG_CCAACAAAACACAAATCTGTTGTGTA,CGGCTAACAGACAAACGATTTTACTG,CCAACAAAACACAAATCTGTTGTGTA
EvolvingFront_WGS_Plate3_D04,AATGTAATTCCCAAGGAGGTTATTGA_CCAACAAAACACAAATCTGTTGTGTA,AATGTAATTCCCAAGGAGGTTATTGA,CCAACAAAACACAAATCTGTTGTGTA
EvolvingFront_WGS_Plate3_D05,TCCTAAAATTCGAAATGCTTTGCCAA_CCAACAAAACACAAATCTGTTGTGTA,TCCTAAAATTCGAAATGCTTTGCCAA,CCAACAAAACACAAATCTGTTGTGTA
EvolvingFront_WGS_Plate3_D06,_,,
EvolvingFront_WGS_Plate3_D07,CGGTCAAGGTGTAAGATTATTTTTAA_CCAACAAAACACAAATCTGTTGTGTA,CGGTCAAGGTGTAAGATTATTTTTAA,CCAACAAAACACAAATCTGTTGTGTA
EvolvingFront_WGS_Plate3_D08,CACTCAATATGTAAAGTGGTTCCCTT_CCAACAAAACACAAATCTGTTGTGTA,CACTCAATATGTAAAGTGGTTCCCTT,CCAACAAAACACAAATCTGTTGTGTA
EvolvingFront_WGS_Plate3_D09,CTTGAAAATCTGAAATGTCTTGGAGC_CCAACAAAACACAAATCTGTTGTGTA,CTTGAAAATCTGAAATGTCTTGGAGC,CCAACAAAACACAAATCTGTTGTGTA
EvolvingFront_WGS_Plate3_D10,ATCTAAAAGTCGAATGCTGTTCCGGT_CCAACAAAACACAAATCTGTTGTGTA,ATCTAAAAGTCGAATGCTGTTCCGGT,CCAACAAAACACAAATCTGTTGTGTA
EvolvingFront_WGS_Plate3_D11,ATTTCAACCTAAAATGAGGTTTTTGC_CCAACAAAACACAAATCTGTTGTGTA,ATTTCAACCTAAAATGAGGTTTTTGC,CCAACAAAACACAAATCTGTTGTGTA
EvolvingFront_WGS_Plate3_D12,GCCACAATACATAATCGTTTTGAGTG_CCAACAAAACACAAATCTGTTGTGTA,GCCACAATACATAATCGTTTTGAGTG,CCAACAAAACACAAATCTGTTGTGTA
EvolvingFront_WGS_Plate3_E01,AACTAAATCGGGAACACTGTTTAAAT_TATCGAAACCCAAAGAGATTTAATCG,AACTAAATCGGGAACACTGTTTAAAT,TATCGAAACCCAAAGAGATTTAATCG
EvolvingFront_WGS_Plate3_E02,CGATCAAAGACTAACTTATTTTGTGG_TATCGAAACCCAAAGAGATTTAATCG,CGATCAAAGACTAACTTATTTTGTGG,TATCGAAACCCAAAGAGATTTAATCG
EvolvingFront_WGS_Plate3_E03,TGCTGAATAGAAAAATGAGTTGTTGT_TATCGAAACCCAAAGAGATTTAATCG,TGCTGAATAGAAAAATGAGTTGTTGT,TATCGAAACCCAAAGAGATTTAATCG
EvolvingFront_WGS_Plate3_E04,_,,
EvolvingFront_WGS_Plate3_E05,TGCATAATCGGTAATAAGCTTATTAC_TATCGAAACCCAAAGAGATTTAATCG,TGCATAATCGGTAATAAGCTTATTAC,TATCGAAACCCAAAGAGATTTAATCG
EvolvingFront_WGS_Plate3_E06,CTATAAATTTCAAAGACCTTTGGCAC_TATCGAAACCCAAAGAGATTTAATCG,CTATAAATTTCAAAGACCTTTGGCAC,TATCGAAACCCAAAGAGATTTAATCG
EvolvingFront_WGS_Plate3_E07,AAGAGAAGCCAGAAGGCCATTGGGTC_TATCGAAACCCAAAGAGATTTAATCG,AAGAGAAGCCAGAAGGCCATTGGGTC,TATCGAAACCCAAAGAGATTTAATCG
EvolvingFront_WGS_Plate3_E08,AAATCAACTGTTAAGAGGCTTTGATG_TATCGAAACCCAAAGAGATTTAATCG,AAATCAACTGTTAAGAGGCTTTGATG,TATCGAAACCCAAAGAGATTTAATCG
EvolvingFront_WGS_Plate3_E09,AGCTTAAAAACAAACAATTTTTATAA_TATCGAAACCCAAAGAGATTTAATCG,AGCTTAAAAACAAACAATTTTTATAA,TATCGAAACCCAAAGAGATTTAATCG
EvolvingFront_WGS_Plate3_E10,GTGCGAATATTAAAAAGCATTGTTCT_TATCGAAACCCAAAGAGATTTAATCG,GTGCGAATATTAAAAAGCATTGTTCT,TATCGAAACCCAAAGAGATTTAATCG
EvolvingFront_WGS_Plate3_E11,GACGCAATTTGAAACCCAGTTGTATT_TATCGAAACCCAAAGAGATTTAATCG,GACGCAATTTGAAACCCAGTTGTATT,TATCGAAACCCAAAGAGATTTAATCG
EvolvingFront_WGS_Plate3_E12,TCGGAAAATGTTAATGAGATTTAAAG_TATCGAAACCCAAAGAGATTTAATCG,TCGGAAAATGTTAATGAGATTTAAAG,TATCGAAACCCAAAGAGATTTAATCG
EvolvingFront_WGS_Plate3_F01,TCGTCAAACTTGAAACTGATTAGCTT_TATCGAAACCCAAAGAGATTTAATCG,TCGTCAAACTTGAAACTGATTAGCTT,TATCGAAACCCAAAGAGATTTAATCG
EvolvingFront_WGS_Plate3_F02,GCTTCAATAACCAAAGAGGTTAGCTC_TATCGAAACCCAAAGAGATTTAATCG,GCTTCAATAACCAAAGAGGTTAGCTC,TATCGAAACCCAAAGAGATTTAATCG
EvolvingFront_WGS_Plate3_F03,GGGCGAACCGGAAAGGGGGTTAGACG_TATCGAAACCCAAAGAGATTTAATCG,GGGCGAACCGGAAAGGGGGTTAGACG,TATCGAAACCCAAAGAGATTTAATCG
EvolvingFront_WGS_Plate3_F04,_,,
EvolvingFront_WGS_Plate3_F05,TTGCCAAGCTGGAAAGCTTTTTATGA_TATCGAAACCCAAAGAGATTTAATCG,TTGCCAAGCTGGAAAGCTTTTTATGA,TATCGAAACCCAAAGAGATTTAATCG
EvolvingFront_WGS_Plate3_F06,GTTTAAACCATTAATTATATTAGATC_TATCGAAACCCAAAGAGATTTAATCG,GTTTAAACCATTAATTATATTAGATC,TATCGAAACCCAAAGAGATTTAATCG
EvolvingFront_WGS_Plate3_F07,GTAGTAATTTATAAGGGTTTTCTGCA_TATCGAAACCCAAAGAGATTTAATCG,GTAGTAATTTATAAGGGTTTTCTGCA,TATCGAAACCCAAAGAGATTTAATCG
EvolvingFront_WGS_Plate3_F08,GCTGGAATAATGAAACACTTTGATGG_TATCGAAACCCAAAGAGATTTAATCG,GCTGGAATAATGAAACACTTTGATGG,TATCGAAACCCAAAGAGATTTAATCG
EvolvingFront_WGS_Plate3_F09,_,,
EvolvingFront_WGS_Plate3_F10,ATGTTAAAGATTAATGGACTTGATGG_TATCGAAACCCAAAGAGATTTAATCG,ATGTTAAAGATTAATGGACTTGATGG,TATCGAAACCCAAAGAGATTTAATCG
EvolvingFront_WGS_Plate3_F11,CACGGAATTAAAAAGTGGATTATAGG_TATCGAAACCCAAAGAGATTTAATCG,CACGGAATTAAAAAGTGGATTATAGG,TATCGAAACCCAAAGAGATTTAATCG
EvolvingFront_WGS_Plate3_F12,TATTAAAATAAGAATCCTATTTGATC_TATCGAAACCCAAAGAGATTTAATCG,TATTAAAATAAGAATCCTATTTGATC,TATCGAAACCCAAAGAGATTTAATCG
EvolvingFront_WGS_Plate3_G01,AAGCTAAGAATGAACTGCCTTCTGCC_TATCGAAACCCAAAGAGATTTAATCG,AAGCTAAGAATGAACTGCCTTCTGCC,TATCGAAACCCAAAGAGATTTAATCG
EvolvingFront_WGS_Plate3_G02,ATGACAAACTTTAAATAATTTAATTG_TATCGAAACCCAAAGAGATTTAATCG,ATGACAAACTTTAAATAATTTAATTG,TATCGAAACCCAAAGAGATTTAATCG
EvolvingFront_WGS_Plate3_G03,_,,
EvolvingFront_WGS_Plate3_G04,_,,
EvolvingFront_WGS_Plate3_G05,TATCTAATATATAACTAAATTGCATA_TATCGAAACCCAAAGAGATTTAATCG,TATCTAATATATAACTAAATTGCATA,TATCGAAACCCAAAGAGATTTAATCG
EvolvingFront_WGS_Plate3_G06,TTTTAAAAATGAAACAAAGTTTGGAG_TATCGAAACCCAAAGAGATTTAATCG,TTTTAAAAATGAAACAAAGTTTGGAG,TATCGAAACCCAAAGAGATTTAATCG
EvolvingFront_WGS_Plate3_G07,AAAGTAAGTTAGAATGGGTTTCCTTT_ATCACAATAACTAAACTGATTCTTCA,AAAGTAAGTTAGAATGGGTTTCCTTT,ATCACAATAACTAAACTGATTCTTCA
EvolvingFront_WGS_Plate3_G08,_,,
EvolvingFront_WGS_Plate3_G09,CATCCAAAGTCAAAGCTTCTTCACTC_ATCACAATAACTAAACTGATTCTTCA,CATCCAAAGTCAAAGCTTCTTCACTC,ATCACAATAACTAAACTGATTCTTCA
EvolvingFront_WGS_Plate3_G10,CCCCTAAGACGGAAGGGGTTTGGAAG_ATCACAATAACTAAACTGATTCTTCA,CCCCTAAGACGGAAGGGGTTTGGAAG,ATCACAATAACTAAACTGATTCTTCA
EvolvingFront_WGS_Plate3_G11,GTTTTAAGTTAGAATGGCTTTGCTCG_ATCACAATAACTAAACTGATTCTTCA,GTTTTAAGTTAGAATGGCTTTGCTCG,ATCACAATAACTAAACTGATTCTTCA
EvolvingFront_WGS_Plate3_G12,AAAGTAAAGGTGAATTTATTTTAATA_ATCACAATAACTAAACTGATTCTTCA,AAAGTAAAGGTGAATTTATTTTAATA,ATCACAATAACTAAACTGATTCTTCA
EvolvingFront_WGS_Plate3_H01,CGCCCAATCTAAAAGGGCTTTCAGTG_ATCACAATAACTAAACTGATTCTTCA,CGCCCAATCTAAAAGGGCTTTCAGTG,ATCACAATAACTAAACTGATTCTTCA
EvolvingFront_WGS_Plate3_H02,GTCCTAATTGGGAATTGCCTTTTACT_ATCACAATAACTAAACTGATTCTTCA,GTCCTAATTGGGAATTGCCTTTTACT,ATCACAATAACTAAACTGATTCTTCA
EvolvingFront_WGS_Plate3_H03,ATATAAATATTGAAACCGTTTCGAGA_ATCACAATAACTAAACTGATTCTTCA,ATATAAATATTGAAACCGTTTCGAGA,ATCACAATAACTAAACTGATTCTTCA
EvolvingFront_WGS_Plate3_H04,_,,
EvolvingFront_WGS_Plate3_H05,TTTTAAAAAGTCAATAGAGTTTAAAGC_ATCACAATAACTAAACTGATTCTTCA,TTTTAAAAAGTCAATAGAGTTTAAAGC,ATCACAATAACTAAACTGATTCTTCA
EvolvingFront_WGS_Plate3_H06,_,,
EvolvingFront_WGS_Plate3_H07,ATTGTAACCAATAATTTCCTTGAAAG_ATCACAATAACTAAACTGATTCTTCA,ATTGTAACCAATAATTTCCTTGAAAG,ATCACAATAACTAAACTGATTCTTCA
EvolvingFront_WGS_Plate3_H08,CCTCAAATACGCAAACCACTTGTCGA_ATCACAATAACTAAACTGATTCTTCA,CCTCAAATACGCAAACCACTTGTCGA,ATCACAATAACTAAACTGATTCTTCA
EvolvingFront_WGS_Plate3_H09,CTCGTAAGGCGGAAGGGCCTTCGGAG_ATCACAATAACTAAACTGATTCTTCA,CTCGTAAGGCGGAAGGGCCTTCGGAG,ATCACAATAACTAAACTGATTCTTCA
EvolvingFront_WGS_Plate3_H10,CTCTCAATGTGGAAGTATATTGCTAC_ATCACAATAACTAAACTGATTCTTCA,CTCTCAATGTGGAAGTATATTGCTAC,ATCACAATAACTAAACTGATTCTTCA
EvolvingFront_WGS_Plate3_H11,GTAACAAATCGGAAGTCGCTTCGACC_ATCACAATAACTAAACTGATTCTTCA,GTAACAAATCGGAAGTCGCTTCGACC,ATCACAATAACTAAACTGATTCTTCA
EvolvingFront_WGS_Plate3_H12,ACTGCAAGGAGGAACGGGTTTCGCCG_ATCACAATAACTAAACTGATTCTTCA,ACTGCAAGGAGGAACGGGTTTCGCCG,ATCACAATAACTAAACTGATTCTTCA
EvolvingFront_WGS_Plate4_A01,GGAATAACCGCCAATGTACTTATCTC_ATCACAATAACTAAACTGATTCTTCA,GGAATAACCGCCAATGTACTTATCTC,ATCACAATAACTAAACTGATTCTTCA
EvolvingFront_WGS_Plate4_A02,AACGCAAAACCGAAACGCGTTGCGTC_ATCACAATAACTAAACTGATTCTTCA,AACGCAAAACCGAAACGCGTTGCGTC,ATCACAATAACTAAACTGATTCTTCA
EvolvingFront_WGS_Plate4_A03,GTGGGAATACTTAAATGTTTTGCGCG_ATCACAATAACTAAACTGATTCTTCA,GTGGGAATACTTAAATGTTTTGCGCG,ATCACAATAACTAAACTGATTCTTCA
EvolvingFront_WGS_Plate4_A04,CGAGAAAAAATCAAAGGCCTTGGCAC_ATCACAATAACTAAACTGATTCTTCA,CGAGAAAAAATCAAAGGCCTTGGCAC,ATCACAATAACTAAACTGATTCTTCA
EvolvingFront_WGS_Plate4_A05,ATGCAAAATTAGAATGGTTTTTAACA_ATCACAATAACTAAACTGATTCTTCA,ATGCAAAATTAGAATGGTTTTTAACA,ATCACAATAACTAAACTGATTCTTCA
EvolvingFront_WGS_Plate4_A06,GTTCAAAGCGTCAAGGATATTTAGAT_ATCACAATAACTAAACTGATTCTTCA,GTTCAAAGCGTCAAGGATATTTAGAT,ATCACAATAACTAAACTGATTCTTCA
EvolvingFront_WGS_Plate4_A07,ATCGGAAACTGAAAGGTGGTTCATAA_ATCACAATAACTAAACTGATTCTTCA,ATCGGAAACTGAAAGGTGGTTCATAA,ATCACAATAACTAAACTGATTCTTCA
EvolvingFront_WGS_Plate4_A08,CTTCTAAACCCCAACAATTTTCTGTG_ATCACAATAACTAAACTGATTCTTCA,CTTCTAAACCCCAACAATTTTCTGTG,ATCACAATAACTAAACTGATTCTTCA
EvolvingFront_WGS_Plate4_A09,TGTTAAATCAGTAATATCATTTAATC_ATCACAATAACTAAACTGATTCTTCA,TGTTAAATCAGTAATATCATTTAATC,ATCACAATAACTAAACTGATTCTTCA
EvolvingFront_WGS_Plate4_A10,_,,
EvolvingFront_WGS_Plate4_A11,CTAAGAAAAATTAATCTCATTATTGC_ATCACAATAACTAAACTGATTCTTCA,CTAAGAAAAATTAATCTCATTATTGC,ATCACAATAACTAAACTGATTCTTCA
EvolvingFront_WGS_Plate4_A12,TTTTCAAAGCTCAAGCATATTTACGA_ATCACAATAACTAAACTGATTCTTCA,TTTTCAAAGCTCAAGCATATTTACGA,ATCACAATAACTAAACTGATTCTTCA
EvolvingFront_WGS_Plate4_B01,GTCGTAAAGTGGAAGCATTTTGATGA_ATCACAATAACTAAACTGATTCTTCA,GTCGTAAAGTGGAAGCATTTTGATGA,ATCACAATAACTAAACTGATTCTTCA
EvolvingFront_WGS_Plate4_B02,GAATTAATTAGAAAGGGGATTAAGCG_ATCACAATAACTAAACTGATTCTTCA,GAATTAATTAGAAAGGGGATTAAGCG,ATCACAATAACTAAACTGATTCTTCA
EvolvingFront_WGS_Plate4_B03,TTTTAAATGACTAAGTAAATTCTCCT_ATCACAATAACTAAACTGATTCTTCA,TTTTAAATGACTAAGTAAATTCTCCT,ATCACAATAACTAAACTGATTCTTCA
EvolvingFront_WGS_Plate4_B04,TTGCTAAATACATAAATCGCTTGGCTT_ATCACAATAACTAAACTGATTCTTCA,TTGCTAAATACATAAATCGCTTGGCTT,ATCACAATAACTAAACTGATTCTTCA
EvolvingFront_WGS_Plate4_B05,ATGGGAACACGGAATGATCTTTTATT_GACAGAAAAGCCAAATGGATTTACCG,ATGGGAACACGGAATGATCTTTTATT,GACAGAAAAGCCAAATGGATTTACCG
EvolvingFront_WGS_Plate4_B06,TCGACAAATTGTAAGCATATTGTCAC_CCAACAAAAGGAAACGTATTTATTGA,TCGACAAATTGTAAGCATATTGTCAC,CCAACAAAAGGAAACGTATTTATTGA
EvolvingFront_WGS_Plate4_B07,_,,
EvolvingFront_WGS_Plate4_B08,TCCCAAACAAGAAACAATATTGGCAA_CCGCCAATCCCGAACCCCGTTTCGCC,TCCCAAACAAGAAACAATATTGGCAA,CCGCCAATCCCGAACCCCGTTTCGCC
EvolvingFront_WGS_Plate4_B09,GTACAAACCTCTAAAGTTATTAATGG_GACAGAAAAGCCAAATGGATTTACCG,GTACAAACCTCTAAAGTTATTAATGG,GACAGAAAAGCCAAATGGATTTACCG
EvolvingFront_WGS_Plate4_B10,GACAAAACTAATAATTAATTTGCATA_CCGCCAATCCCGAACCCCGTTTCGCC,GACAAAACTAATAATTAATTTGCATA,CCGCCAATCCCGAACCCCGTTTCGCC
EvolvingFront_WGS_Plate4_B11,AATAAAACCGACAATTTCTTTTATAT_GACAGAAAAGCCAAATGGATTTACCG,AATAAAACCGACAATTTCTTTTATAT,GACAGAAAAGCCAAATGGATTTACCG
EvolvingFront_WGS_Plate4_B12,GTAGCAAGATCGAAGATGTTTAGATA_CAGAAAAGCCATAACGCTATTTGAAA,GTAGCAAGATCGAAGATGTTTAGATA,CAGAAAAGCCATAACGCTATTTGAAA
EvolvingFront_WGS_Plate4_C01,TATGAAACCGCGAACAACTTTGTGTA_GACAGAAAAGCCAAATGGATTTACCG,TATGAAACCGCGAACAACTTTGTGTA,GACAGAAAAGCCAAATGGATTTACCG
EvolvingFront_WGS_Plate4_C02,CTTTAAACCGTCAATTGGGTTTCAAT_AGAACAAAAACTAAACTCATTCATGG,CTTTAAACCGTCAATTGGGTTTCAAT,AGAACAAAAACTAAACTCATTCATGG
EvolvingFront_WGS_Plate4_C03,_,,
EvolvingFront_WGS_Plate4_C04,ATATAAACCGTAAAACTCGTTGTAGT_TTAAAAATACAAAAAAAGATTTAAGG,ATATAAACCGTAAAACTCGTTGTAGT,TTAAAAATACAAAAAAAGATTTAAGG
EvolvingFront_WGS_Plate4_C05,CTTTGAAAAGATAAATTTATTGCTAC_CCAACAAAAGGAAACGTATTTATTGA,CTTTGAAAAGATAAATTTATTGCTAC,CCAACAAAAGGAAACGTATTTATTGA
EvolvingFront_WGS_Plate4_C06,ACGAAAACATTGAAGATTATTGTTTT_GACAGAAAAGCCAAATGGATTTACCG,ACGAAAACATTGAAGATTATTGTTTT,GACAGAAAAGCCAAATGGATTTACCG
EvolvingFront_WGS_Plate4_C07,ATGTTAACAAGAAAGACCTTTCTAAG_CCGCCAATCCCGAACCCCGTTTCGCC,ATGTTAACAAGAAAGACCTTTCTAAG,CCGCCAATCCCGAACCCCGTTTCGCC
EvolvingFront_WGS_Plate4_C08,_,,
EvolvingFront_WGS_Plate4_C09,AAAAGAATCTAGAACTGAATTAGTTG_CCAACAAAAGGAAACGTATTTATTGA,AAAAGAATCTAGAACTGAATTAGTTG,CCAACAAAAGGAAACGTATTTATTGA
EvolvingFront_WGS_Plate4_C10,ATTGGAATAAGGAACTTGGTTACCTA_AGAACAAAAACTAAACTCATTCATGG,ATTGGAATAAGGAACTTGGTTACCTA,AGAACAAAAACTAAACTCATTCATGG
EvolvingFront_WGS_Plate4_C11,TGTCAAAATATGAACAGTTTTTACCG_CCGCCAATCCCGAACCCCGTTTCGCC,TGTCAAAATATGAACAGTTTTTACCG,CCGCCAATCCCGAACCCCGTTTCGCC
EvolvingFront_WGS_Plate4_C12,CTTCAAATTATGAAATCGATTATATG_GACAGAAAAGCCAAATGGATTTACCG,CTTCAAATTATGAAATCGATTATATG,GACAGAAAAGCCAAATGGATTTACCG
EvolvingFront_WGS_Plate4_D01,AACTCAAAAGCAAATGAGCTTGCGGT_CTAGAAATCTCAAAAACTTTTGGCTG,AACTCAAAAGCAAATGAGCTTGCGGT,CTAGAAATCTCAAAAACTTTTGGCTG
EvolvingFront_WGS_Plate4_D02,AGGTTAAAAGGAAAGAATATTAAGGC_GACAGAAAAGCCAAATGGATTTACCG,AGGTTAAAAGGAAAGAATATTAAGGC,GACAGAAAAGCCAAATGGATTTACCG
EvolvingFront_WGS_Plate4_D03,CCCACAAACCGGAATTGTATTAACTA_GACAGAAAAGCCAAATGGATTTACCG,CCCACAAACCGGAATTGTATTAACTA,GACAGAAAAGCCAAATGGATTTACCG
EvolvingFront_WGS_Plate4_D04,CTATTAAAAGGTAATACGTTTATATA_CTAGAAATCTCAAAAACTTTTGGCTG,CTATTAAAAGGTAATACGTTTATATA,CTAGAAATCTCAAAAACTTTTGGCTG
EvolvingFront_WGS_Plate4_D05,TGCACAATATAAAATTCGATTTGTCG_CCGCCAATCCCGAACCCCGTTTCGCC,TGCACAATATAAAATTCGATTTGTCG,CCGCCAATCCCGAACCCCGTTTCGCC
EvolvingFront_WGS_Plate4_D06,CCTAGAAGAGGGAAGGTGGTTGCGTA_GACAGAAAAGCCAAATGGATTTACCG,CCTAGAAGAGGGAAGGTGGTTGCGTA,GACAGAAAAGCCAAATGGATTTACCG
EvolvingFront_WGS_Plate4_D07,CGCTTAAAGCCCAAGAATCTTCGCAT_AGAACAAAAACTAAACTCATTCATGG,CGCTTAAAGCCCAAGAATCTTCGCAT,AGAACAAAAACTAAACTCATTCATGG
EvolvingFront_WGS_Plate4_D08,GGGGAAAGTCTTAATTAGGTTGTGTA_GACAGAAAAGCCAAATGGATTTACCG,GGGGAAAGTCTTAATTAGGTTGTGTA,GACAGAAAAGCCAAATGGATTTACCG
EvolvingFront_WGS_Plate4_D09,CGTTAAAAACGTAAGTCCATTACCAT_CCAACAAAAGGAAACGTATTTATTGA,CGTTAAAAACGTAAGTCCATTACCAT,CCAACAAAAGGAAACGTATTTATTGA
EvolvingFront_WGS_Plate4_D10,GAAAAAAAAGGTAAATTGATTAGGTT_GTATTAAAATTAAAAATAATTGCACA,GAAAAAAAAGGTAAATTGATTAGGTT,GTATTAAAATTAAAAATAATTGCACA
EvolvingFront_WGS_Plate4_D11,CTCTGAATATGAAATTGGGTTTGGCA_CCAACAAAAGGAAACGTATTTATTGA,CTCTGAATATGAAATTGGGTTTGGCA,CCAACAAAAGGAAACGTATTTATTGA
EvolvingFront_WGS_Plate4_D12,CCCGGAAATCTTAACTCCGTTACTTG_GACAGAAAAGCCAAATGGATTTACCG,CCCGGAAATCTTAACTCCGTTACTTG,GACAGAAAAGCCAAATGGATTTACCG
EvolvingFront_WGS_Plate4_E01,GCAGTAACAGAGAATTTATTTAAATC_CCGCCAATCCCGAACCCCGTTTCGCC,GCAGTAACAGAGAATTTATTTAAATC,CCGCCAATCCCGAACCCCGTTTCGCC
EvolvingFront_WGS_Plate4_E02,_,,
EvolvingFront_WGS_Plate4_E03,CATTCAAACACTAATCGCTTTATTGA_CCGCCAATCCCGAACCCCGTTTCGCC,CATTCAAACACTAATCGCTTTATTGA,CCGCCAATCCCGAACCCCGTTTCGCC
EvolvingFront_WGS_Plate4_E04,CTCCTAAATGTGAAAATAATTCGTGG_GACAGAAAAGCCAAATGGATTTACCG,CTCCTAAATGTGAAAATAATTCGTGG,GACAGAAAAGCCAAATGGATTTACCG
EvolvingFront_WGS_Plate4_E05,TCTCAAATCTCGAAATGTATTGACAA_GACAGAAAAGCCAAATGGATTTACCG,TCTCAAATCTCGAAATGTATTGACAA,GACAGAAAAGCCAAATGGATTTACCG
EvolvingFront_WGS_Plate4_E06,CGACTAATTAGAAATTATCTTGTGTC_ATCAGAAGTTCGAATCAAATTACGAA,CGACTAATTAGAAATTATCTTGTGTC,ATCAGAAGTTCGAATCAAATTACGAA
EvolvingFront_WGS_Plate4_E07,TCTCGAATAGATAATAATTTTATATA_AGAACAAAAACTAAACTCATTCATGG,TCTCGAATAGATAATAATTTTATATA,AGAACAAAAACTAAACTCATTCATGG
EvolvingFront_WGS_Plate4_E08,CCCCTAATTGATAAAGTACTTCAAGG_CCAACAAAAGGAAACGTATTTATTGA,CCCCTAATTGATAAAGTACTTCAAGG,CCAACAAAAGGAAACGTATTTATTGA
EvolvingFront_WGS_Plate4_E09,GAGAAAAGTGACAAGAATTTTGGGAA_CCGCCAATCCCGAACCCCGTTTCGCC,GAGAAAAGTGACAAGAATTTTGGGAA,CCGCCAATCCCGAACCCCGTTTCGCC
EvolvingFront_WGS_Plate4_E10,CTCATAACATAGAAGATGCTTCGCAG_GACAGAAAAGCCAAATGGATTTACCG,CTCATAACATAGAAGATGCTTCGCAG,GACAGAAAAGCCAAATGGATTTACCG
EvolvingFront_WGS_Plate4_E11,TATGCAAGACACAACATGCTTTTAAT_CCGCCAATCCCGAACCCCGTTTCGCC,TATGCAAGACACAACATGCTTTTAAT,CCGCCAATCCCGAACCCCGTTTCGCC
EvolvingFront_WGS_Plate4_E12,AGCATAATAGCTAAGAGTATTTACTA_GACAGAAAAGCCAAATGGATTTACCG,AGCATAATAGCTAAGAGTATTTACTA,GACAGAAAAGCCAAATGGATTTACCG
EvolvingFront_WGS_Plate1_A01,ATGTAAAATTGTAAGAATTTTATTAT_CATAAAAAGACTAATCTTATTAATGC,ATGTAAAATTGTAAGAATTTTATTAT,CATAAAAAGACTAATCTTATTAATGC
EvolvingFront_WGS_Plate1_A02,TAATAAATATGGAACACTGTTATAGT_GAAATAAACCACAACGACATTCTAAT,TAATAAATATGGAACACTGTTATAGT,GAAATAAACCACAACGACATTCTAAT
EvolvingFront_WGS_Plate1_A03,_,,
EvolvingFront_WGS_Plate1_A04,_,,
EvolvingFront_WGS_Plate1_A05,TATTTAACATCGAAACAACTTGTTGA_GAAATAAACCACAACGACATTCTAAT,TATTTAACATCGAAACAACTTGTTGA,GAAATAAACCACAACGACATTCTAAT
EvolvingFront_WGS_Plate1_A06,TATTTAAACATAAAGGGAATTGCTTG_GAAATAAACCACAACGACATTCTAAT,TATTTAAACATAAAGGGAATTGCTTG,GAAATAAACCACAACGACATTCTAAT
EvolvingFront_WGS_Plate1_A07,_,,
EvolvingFront_WGS_Plate1_A08,GATTAAATCATGAACGATTTTTTAAC_GAAATAAACCACAACGACATTCTAAT,GATTAAATCATGAACGATTTTTTAAC,GAAATAAACCACAACGACATTCTAAT
EvolvingFront_WGS_Plate1_A09,ATCCTAAGAAGTAAGGGTATTCCTGG_CATAAAAAGACTAATCTTATTAATGC,ATCCTAAGAAGTAAGGGTATTCCTGG,CATAAAAAGACTAATCTTATTAATGC
EvolvingFront_WGS_Plate1_A10,TTCATAACTGATAACTATTTTCATAT_CATAAAAAGACTAATCTTATTAATGC,TTCATAACTGATAACTATTTTCATAT,CATAAAAAGACTAATCTTATTAATGC
EvolvingFront_WGS_Plate1_A11,TGGCAAATGACCAAATTCTTTAATAA_CATAAAAAGACTAATCTTATTAATGC,TGGCAAATGACCAAATTCTTTAATAA,CATAAAAAGACTAATCTTATTAATGC
EvolvingFront_WGS_Plate1_A12,_,,
EvolvingFront_WGS_Plate1_B01,_,,
EvolvingFront_WGS_Plate1_B02,_,,
EvolvingFront_WGS_Plate1_B03,_,,
EvolvingFront_WGS_Plate1_B04,_,,
EvolvingFront_WGS_Plate1_B05,_,,
EvolvingFront_WGS_Plate1_B06,_,,
EvolvingFront_WGS_Plate1_B07,_,,
EvolvingFront_WGS_Plate1_B08,_,,
EvolvingFront_WGS_Plate1_B09,_,,
EvolvingFront_WGS_Plate1_B10,ATCCAAACAAGGAAACGGATTTTCAG_TGTACAAATCTTAAGAAGATTACAAG,ATCCAAACAAGGAAACGGATTTTCAG,TGTACAAATCTTAAGAAGATTACAAG
EvolvingFront_WGS_Plate1_B11,_,,
EvolvingFront_WGS_Plate1_B12,_,,
EvolvingFront_WGS_Plate1_C01,_,,
EvolvingFront_WGS_Plate1_C02,_,,
EvolvingFront_WGS_Plate1_C03,_,,
EvolvingFront_WGS_Plate1_C04,TGATCAAAGGACAACCATATTTACTA_TGTACAAATCTTAAGAAGATTACAAG,TGATCAAAGGACAACCATATTTACTA,TGTACAAATCTTAAGAAGATTACAAG
EvolvingFront_WGS_Plate1_C05,TCACTAACCGTCAAAGGGTTTGTGAT_CATAAAAAGACTAATCTTATTAATGC,TCACTAACCGTCAAAGGGTTTGTGAT,CATAAAAAGACTAATCTTATTAATGC
EvolvingFront_WGS_Plate1_C06,_,,
EvolvingFront_WGS_Plate1_C07,_,,
EvolvingFront_WGS_Plate1_C08,_,,
EvolvingFront_WGS_Plate1_C09,_,,
EvolvingFront_WGS_Plate1_C10,_,,
EvolvingFront_WGS_Plate1_C11,_,,
EvolvingFront_WGS_Plate1_C12,_,,
EvolvingFront_WGS_Plate1_D01,CCGTGAAATATTAAACTCTTTGGGTG_ATCAGAAGTTCGAATCAAATTACGAA,CCGTGAAATATTAAACTCTTTGGGTG,ATCAGAAGTTCGAATCAAATTACGAA
EvolvingFront_WGS_Plate1_D02,ACTAAAAGGGCAAAGTCGATTTGAAA_ATCAGAAGTTCGAATCAAATTACGAA,ACTAAAAGGGCAAAGTCGATTTGAAA,ATCAGAAGTTCGAATCAAATTACGAA
EvolvingFront_WGS_Plate1_D03,CCGTGAATCCCAAATATTGTTAAATT_TTAAAAATACAAAAAAAGATTTAAGG,CCGTGAATCCCAAATATTGTTAAATT,TTAAAAATACAAAAAAAGATTTAAGG
EvolvingFront_WGS_Plate1_D04,TTTTAAAGCTAGAACTCAGTTCTGGT_TTAAAAATACAAAAAAAGATTTAAGG,TTTTAAAGCTAGAACTCAGTTCTGGT,TTAAAAATACAAAAAAAGATTTAAGG
EvolvingFront_WGS_Plate1_D05,_,,
EvolvingFront_WGS_Plate1_D06,GACGGAAATTCTAATATGTTTCCTAG_GTATTAAAATTAAAAATAATTGCACA,GACGGAAATTCTAATATGTTTCCTAG,GTATTAAAATTAAAAATAATTGCACA
EvolvingFront_WGS_Plate1_D07,_,,
EvolvingFront_WGS_Plate1_D08,_,,
EvolvingFront_WGS_Plate1_D09,ATATTAAGCTGAAATGGGATTTAAAC_CCAACAAAAGGAAACGTATTTATTGA,ATATTAAGCTGAAATGGGATTTAAAC,CCAACAAAAGGAAACGTATTTATTGA
EvolvingFront_WGS_Plate1_D10,TAGGCAAATTCAAAATTTATTGTGTA_ATCAGAAGTTCGAATCAAATTACGAA,TAGGCAAATTCAAAATTTATTGTGTA,ATCAGAAGTTCGAATCAAATTACGAA
EvolvingFront_WGS_Plate1_D11,AATATAAGTTTGAAGCTATTTGGCGT_CAGAAAAGCCATAACGCTATTTGAAA,AATATAAGTTTGAAGCTATTTGGCGT,CAGAAAAGCCATAACGCTATTTGAAA
EvolvingFront_WGS_Plate1_D12,_,,
EvolvingFront_WGS_Plate1_E01,_,,
EvolvingFront_WGS_Plate1_E02,_,,
EvolvingFront_WGS_Plate1_E03,CTAAGAAATAGTAAATATATTTATTT_AGAACAAAAACTAAACTCATTCATGG,CTAAGAAATAGTAAATATATTTATTT,AGAACAAAAACTAAACTCATTCATGG
EvolvingFront_WGS_Plate1_E04,TAAAGAAGTTATAACGCAGTTGCCCG_ATCAGAAGTTCGAATCAAATTACGAA,TAAAGAAGTTATAACGCAGTTGCCCG,ATCAGAAGTTCGAATCAAATTACGAA
EvolvingFront_WGS_Plate1_E05,_,,
EvolvingFront_WGS_Plate1_E06,_,,
EvolvingFront_WGS_Plate1_E07,_,,
EvolvingFront_WGS_Plate1_E08,_,,
EvolvingFront_WGS_Plate1_E09,_,,
EvolvingFront_WGS_Plate1_E10,_,,
EvolvingFront_WGS_Plate1_E11,_,,
EvolvingFront_WGS_Plate1_E12,_,,
EvolvingFront_WGS_Plate1_F01,_,,
EvolvingFront_WGS_Plate1_F02,_,,
EvolvingFront_WGS_Plate1_F03,_,,
EvolvingFront_WGS_Plate1_F04,_,,
EvolvingFront_WGS_Plate1_F05,_,,
EvolvingFront_WGS_Plate1_F06,_,,
EvolvingFront_WGS_Plate1_F07,_,,
EvolvingFront_WGS_Plate1_F08,_,,
EvolvingFront_WGS_Plate1_F09,_,,
EvolvingFront_WGS_Plate1_F10,_,,
EvolvingFront_WGS_Plate1_F11,_,,
EvolvingFront_WGS_Plate1_F12,_,,
EvolvingFront_WGS_Plate1_G01,_,,
EvolvingFront_WGS_Plate1_G02,_,,
EvolvingFront_WGS_Plate1_G03,_,,
EvolvingFront_WGS_Plate1_G04,_,,
EvolvingFront_WGS_Plate1_G05,_,,
EvolvingFront_WGS_Plate1_G06,_,,
EvolvingFront_WGS_Plate1_G07,_,,
EvolvingFront_WGS_Plate1_G08,AGTTAAAGCATGAACCGATTTTTCCC_TGATCAATCTACAAAAATATTTAATG,AGTTAAAGCATGAACCGATTTTTCCC,TGATCAATCTACAAAAATATTTAATG
EvolvingFront_WGS_Plate1_G09,TTATTAAATGTAAAATAGGTTGCCTC_TGATCAATCTACAAAAATATTTAATG,TTATTAAATGTAAAATAGGTTGCCTC,TGATCAATCTACAAAAATATTTAATG
EvolvingFront_WGS_Plate1_G10,_,,
EvolvingFront_WGS_Plate1_G11,_,,
EvolvingFront_WGS_Plate1_G12,_,,
EvolvingFront_WGS_Plate1_H01,_,,
EvolvingFront_WGS_Plate1_H02,_,,
EvolvingFront_WGS_Plate1_H03,_,,
EvolvingFront_WGS_Plate1_H04,_,,
EvolvingFront_WGS_Plate1_H05,_,,
EvolvingFront_WGS_Plate1_H06,_,,
EvolvingFront_WGS_Plate1_H07,_,,
EvolvingFront_WGS_Plate1_H08,_,,
EvolvingFront_WGS_Plate1_H09,_,,
EvolvingFront_WGS_Plate1_H10,_,,
EvolvingFront_WGS_Plate1_H11,_,,
EvolvingFront_WGS_Plate1_H12,_,,
EvolvingFront_WGS_Plate2_A01,_,,
EvolvingFront_WGS_Plate2_A02,_,,
EvolvingFront_WGS_Plate2_A03,_,,
EvolvingFront_WGS_Plate2_A04,ATTAGAAGCAAAAATTTCGTTTGAAG_TGATCAATCTACAAAAATATTTAATG,ATTAGAAGCAAAAATTTCGTTTGAAG,TGATCAATCTACAAAAATATTTAATG
EvolvingFront_WGS_Plate2_A05,_,,
EvolvingFront_WGS_Plate2_A06,_,,
EvolvingFront_WGS_Plate2_A07,CGATCAAATCTTAAAAATTTTGCTAA_TGATCAATCTACAAAAATATTTAATG,CGATCAAATCTTAAAAATTTTGCTAA,TGATCAATCTACAAAAATATTTAATG
EvolvingFront_WGS_Plate2_A08,_,,
EvolvingFront_WGS_Plate2_A09,AGATTAACACAGAATCTCGTTAGACC_CATTGAATCACAAAATAGGTTAGATG,AGATTAACACAGAATCTCGTTAGACC,CATTGAATCACAAAATAGGTTAGATG
EvolvingFront_WGS_Plate2_A10,TATATAAGATGCAATCCCTTTATGCG_TGATCAATCTACAAAAATATTTAATG,TATATAAGATGCAATCCCTTTATGCG,TGATCAATCTACAAAAATATTTAATG
EvolvingFront_WGS_Plate2_A11,_,,
EvolvingFront_WGS_Plate2_A12,GGGCCAAACTGTAACGTTCTTGGGGG_TGATCAATCTACAAAAATATTTAATG,GGGCCAAACTGTAACGTTCTTGGGGG,TGATCAATCTACAAAAATATTTAATG
EvolvingFront_WGS_Plate2_B01,CCACCAACGCGAAAGAGGCTTGGGAG_CATTGAATCACAAAATAGGTTAGATG,CCACCAACGCGAAAGAGGCTTGGGAG,CATTGAATCACAAAATAGGTTAGATG
EvolvingFront_WGS_Plate2_B02,TCAATAATAGTTAAGGTGATTTAGTT_TGATCAATCTACAAAAATATTTAATG,TCAATAATAGTTAAGGTGATTTAGTT,TGATCAATCTACAAAAATATTTAATG
EvolvingFront_WGS_Plate2_B03,_,,
EvolvingFront_WGS_Plate2_B04,GTGACAATTTCCAAGGTTATTAGAAA_CATTGAATCACAAAATAGGTTAGATG,GTGACAATTTCCAAGGTTATTAGAAA,CATTGAATCACAAAATAGGTTAGATG
EvolvingFront_WGS_Plate2_B05,GCGTGAAAGCCCAACAGGTTTAGGGA_CATTGAATCACAAAATAGGTTAGATG,GCGTGAAAGCCCAACAGGTTTAGGGA,CATTGAATCACAAAATAGGTTAGATG
EvolvingFront_WGS_Plate2_B06,_,,
EvolvingFront_WGS_Plate2_B07,TTTGTAATTTGTAAGCAATTTTTTAA_CATTGAATCACAAAATAGGTTAGATG,TTTGTAATTTGTAAGCAATTTTTTAA,CATTGAATCACAAAATAGGTTAGATG
EvolvingFront_WGS_Plate2_B08,ATGAAAAGTTCTAAGGGAGTTTACTG_TGATCAATCTACAAAAATATTTAATG,ATGAAAAGTTCTAAGGGAGTTTACTG,TGATCAATCTACAAAAATATTTAATG
EvolvingFront_WGS_Plate2_B09,GCGTGAACGCAAAAGTGGGTTAGCTG_CATTGAATCACAAAATAGGTTAGATG,GCGTGAACGCAAAAGTGGGTTAGCTG,CATTGAATCACAAAATAGGTTAGATG
EvolvingFront_WGS_Plate2_B10,GCAACAACTACCAAGTCGTTTGTGTT_TGATCAATCTACAAAAATATTTAATG,GCAACAACTACCAAGTCGTTTGTGTT,TGATCAATCTACAAAAATATTTAATG
EvolvingFront_WGS_Plate2_B11,_,,
EvolvingFront_WGS_Plate2_B12,CCTTCAAATGAAAAGTGAATTTAGAA_CATTGAATCACAAAATAGGTTAGATG,CCTTCAAATGAAAAGTGAATTTAGAA,CATTGAATCACAAAATAGGTTAGATG
EvolvingFront_WGS_Plate2_C01,GTTAAAATTTTTAAATATATTCTCAC_CATTGAATCACAAAATAGGTTAGATG,GTTAAAATTTTTAAATATATTCTCAC,CATTGAATCACAAAATAGGTTAGATG
EvolvingFront_WGS_Plate2_C02,TCGCTAACTAATAATGCTGTTTCAAT_CATTGAATCACAAAATAGGTTAGATG,TCGCTAACTAATAATGCTGTTTCAAT,CATTGAATCACAAAATAGGTTAGATG
EvolvingFront_WGS_Plate2_C03,TAAACAACATTTAATTACTTTCGAAT_CATTGAATCACAAAATAGGTTAGATG,TAAACAACATTTAATTACTTTCGAAT,CATTGAATCACAAAATAGGTTAGATG
EvolvingFront_WGS_Plate2_C04,CTCTGAAACCTCAAGCGACTTAGTTG_TGATCAATCTACAAAAATATTTAATG,CTCTGAAACCTCAAGCGACTTAGTTG,TGATCAATCTACAAAAATATTTAATG
EvolvingFront_WGS_Plate2_C05,TGTTAAACCCATAAATTCGTTTGGCG_CATTGAATCACAAAATAGGTTAGATG,TGTTAAACCCATAAATTCGTTTGGCG,CATTGAATCACAAAATAGGTTAGATG
EvolvingFront_WGS_Plate2_C06,_,,
EvolvingFront_WGS_Plate2_C07,_,,
EvolvingFront_WGS_Plate2_C08,CTGTGAACGACCAATTAATTTCTACT_TGATCAATCTACAAAAATATTTAATG,CTGTGAACGACCAATTAATTTCTACT,TGATCAATCTACAAAAATATTTAATG
EvolvingFront_WGS_Plate2_C09,GGGCAAAATTTAAATTCGATTCTAGT_CATTGAATCACAAAATAGGTTAGATG,GGGCAAAATTTAAATTCGATTCTAGT,CATTGAATCACAAAATAGGTTAGATG
EvolvingFront_WGS_Plate2_C10,TATAGAAGCGTAAATCTTCTTTAGGC_CATTGAATCACAAAATAGGTTAGATG,TATAGAAGCGTAAATCTTCTTTAGGC,CATTGAATCACAAAATAGGTTAGATG
EvolvingFront_WGS_Plate2_C11,CTCTTAATGATGAAGCGGTTTAGATT_CATTGAATCACAAAATAGGTTAGATG,CTCTTAATGATGAAGCGGTTTAGATT,CATTGAATCACAAAATAGGTTAGATG
EvolvingFront_WGS_Plate2_C12,AACGAAAGTTCCAACTACTTTTGAAT_CATTGAATCACAAAATAGGTTAGATG,AACGAAAGTTCCAACTACTTTTGAAT,CATTGAATCACAAAATAGGTTAGATG
EvolvingFront_WGS_Plate2_D01,_,,
EvolvingFront_WGS_Plate2_D02,_,,
EvolvingFront_WGS_Plate2_D03,TTAAGAATCACAAATAAATTTTCCCT_CATTGAATCACAAAATAGGTTAGATG,TTAAGAATCACAAATAAATTTTCCCT,CATTGAATCACAAAATAGGTTAGATG
EvolvingFront_WGS_Plate2_D04,ATGTTAAAAAGGAAAGGCGTTGCCTG_CATTGAATCACAAAATAGGTTAGATG,ATGTTAAAAAGGAAAGGCGTTGCCTG,CATTGAATCACAAAATAGGTTAGATG
EvolvingFront_WGS_Plate2_D05,GTCACAAATGTTAATGGGTTTTATGT_TGATCAATCTACAAAAATATTTAATG,GTCACAAATGTTAATGGGTTTTATGT,TGATCAATCTACAAAAATATTTAATG
EvolvingFront_WGS_Plate2_D06,CACGGAAGGTTGAACTCCGTTTCCCC_TGATCAATCTACAAAAATATTTAATG,CACGGAAGGTTGAACTCCGTTTCCCC,TGATCAATCTACAAAAATATTTAATG
EvolvingFront_WGS_Plate2_D07,AAGGAAACCGATAAGGTGTTTTTTAC_TGATCAATCTACAAAAATATTTAATG,AAGGAAACCGATAAGGTGTTTTTTAC,TGATCAATCTACAAAAATATTTAATG
EvolvingFront_WGS_Plate2_D08,ACGACAATCTCGAATAGGTTTTTCTG_TGATCAATCTACAAAAATATTTAATG,ACGACAATCTCGAATAGGTTTTTCTG,TGATCAATCTACAAAAATATTTAATG
EvolvingFront_WGS_Plate2_D09,TTCTTAACCGCTAAAATCCTTTAGAT_CATTGAATCACAAAATAGGTTAGATG,TTCTTAACCGCTAAAATCCTTTAGAT,CATTGAATCACAAAATAGGTTAGATG
EvolvingFront_WGS_Plate2_D10,_,,
EvolvingFront_WGS_Plate2_D11,GCTAAAACATTAAAGCGGTTTAGAAA_TGATCAATCTACAAAAATATTTAATG,GCTAAAACATTAAAGCGGTTTAGAAA,TGATCAATCTACAAAAATATTTAATG
EvolvingFront_WGS_Plate2_D12,CTTCCAATATCGAACAGGTTTGCTAT_TGATCAATCTACAAAAATATTTAATG,CTTCCAATATCGAACAGGTTTGCTAT,TGATCAATCTACAAAAATATTTAATG
EvolvingFront_WGS_Plate2_E01,ATTACAACTCATAAGAATGTTTTGCG_TGATCAATCTACAAAAATATTTAATG,ATTACAACTCATAAGAATGTTTTGCG,TGATCAATCTACAAAAATATTTAATG
EvolvingFront_WGS_Plate2_E02,ACATCAATACGGAATCGCTTTATAAG_TGATCAATCTACAAAAATATTTAATG,ACATCAATACGGAATCGCTTTATAAG,TGATCAATCTACAAAAATATTTAATG
EvolvingFront_WGS_Plate2_E03,TTCTCAAACTTGAATACAGTTCCGGG_TGATCAATCTACAAAAATATTTAATG,TTCTCAAACTTGAATACAGTTCCGGG,TGATCAATCTACAAAAATATTTAATG
EvolvingFront_WGS_Plate2_E04,GCCTTAAGTGCTAATCTCGTTGAGAC_CATTGAATCACAAAATAGGTTAGATG,GCCTTAAGTGCTAATCTCGTTGAGAC,CATTGAATCACAAAATAGGTTAGATG
EvolvingFront_WGS_Plate2_E05,CTAAAAACCTTAAATTAATTTCAAAT_CATTGAATCACAAAATAGGTTAGATG,CTAAAAACCTTAAATTAATTTCAAAT,CATTGAATCACAAAATAGGTTAGATG
EvolvingFront_WGS_Plate2_E06,TAATTAACCGGCAATTTTGTTTAAGG_CATTGAATCACAAAATAGGTTAGATG,TAATTAACCGGCAATTTTGTTTAAGG,CATTGAATCACAAAATAGGTTAGATG
EvolvingFront_WGS_Plate2_E07,AGACTAACATCGAACGCTTTTACACA_CATTGAATCACAAAATAGGTTAGATG,AGACTAACATCGAACGCTTTTACACA,CATTGAATCACAAAATAGGTTAGATG
EvolvingFront_WGS_Plate2_E08,TTAGCAAAACTAAACTTACTTATAAA_TGATCAATCTACAAAAATATTTAATG,TTAGCAAAACTAAACTTACTTATAAA,TGATCAATCTACAAAAATATTTAATG
EvolvingFront_WGS_Plate2_E09,_,,
EvolvingFront_WGS_Plate2_E10,TACACAACGGGAAATGAAGTTTAACA_TGATCAATCTACAAAAATATTTAATG,TACACAACGGGAAATGAAGTTTAACA,TGATCAATCTACAAAAATATTTAATG
EvolvingFront_WGS_Plate2_E11,CTCAAAAACAAAAATAAAATTGTTAC_CATTGAATCACAAAATAGGTTAGATG,CTCAAAAACAAAAATAAAATTGTTAC,CATTGAATCACAAAATAGGTTAGATG
EvolvingFront_WGS_Plate2_E12,TTCTCAACAATAAAACCCGTTGTGCT_CATTGAATCACAAAATAGGTTAGATG,TTCTCAACAATAAAACCCGTTGTGCT,CATTGAATCACAAAATAGGTTAGATG
EvolvingFront_WGS_Plate2_F01,CGGTAAACGGGAAACTTGCTTGGGGC_CATTGAATCACAAAATAGGTTAGATG,CGGTAAACGGGAAACTTGCTTGGGGC,CATTGAATCACAAAATAGGTTAGATG
EvolvingFront_WGS_Plate2_F02,GATTTAAAAGATAATATAATTTCGTT_TGATCAATCTACAAAAATATTTAATG,GATTTAAAAGATAATATAATTTCGTT,TGATCAATCTACAAAAATATTTAATG
EvolvingFront_WGS_Plate2_F03,_,,
EvolvingFront_WGS_Plate2_F04,GTTAAAACCCTTAATTCTTTTATGGT_CATTGAATCACAAAATAGGTTAGATG,GTTAAAACCCTTAATTCTTTTATGGT,CATTGAATCACAAAATAGGTTAGATG
EvolvingFront_WGS_Plate2_F05,GAAGGAATGGTCAACGTCTTTACCAC_CATTGAATCACAAAATAGGTTAGATG,GAAGGAATGGTCAACGTCTTTACCAC,CATTGAATCACAAAATAGGTTAGATG
EvolvingFront_WGS_Plate2_F06,_,,
EvolvingFront_WGS_Plate2_F07,CATTTAACCGCAAAGGAATTTTGAAA_CATTGAATCACAAAATAGGTTAGATG,CATTTAACCGCAAAGGAATTTTGAAA,CATTGAATCACAAAATAGGTTAGATG
EvolvingFront_WGS_Plate2_F08,CTGTCAAACGGGAAGGGGCTTTGAGG_CATTGAATCACAAAATAGGTTAGATG,CTGTCAAACGGGAAGGGGCTTTGAGG,CATTGAATCACAAAATAGGTTAGATG
EvolvingFront_WGS_Plate2_F09,TACTAAATAAGTAAGGGAATTCTGTT_CCAACAAAACACAAATCTGTTGTGTA,TACTAAATAAGTAAGGGAATTCTGTT,CCAACAAAACACAAATCTGTTGTGTA
EvolvingFront_WGS_Plate2_F10,ACTTAAACCTGGAATATACTTTCTTA_CCAACAAAACACAAATCTGTTGTGTA,ACTTAAACCTGGAATATACTTTCTTA,CCAACAAAACACAAATCTGTTGTGTA
EvolvingFront_WGS_Plate2_F11,_,,
EvolvingFront_WGS_Plate2_F12,AGAGCAATAATAAAAACTCTTTTTCC_CCAACAAAACACAAATCTGTTGTGTA,AGAGCAATAATAAAAACTCTTTTTCC,CCAACAAAACACAAATCTGTTGTGTA
EvolvingFront_WGS_Plate2_G01,TACATAATACTCAATCTACTTTTTCA_CCAACAAAACACAAATCTGTTGTGTA,TACATAATACTCAATCTACTTTTTCA,CCAACAAAACACAAATCTGTTGTGTA
EvolvingFront_WGS_Plate2_G02,ACTCTAACTGTAAATAGAATTCGTTA_CCAACAAAACACAAATCTGTTGTGTA,ACTCTAACTGTAAATAGAATTCGTTA,CCAACAAAACACAAATCTGTTGTGTA
EvolvingFront_WGS_Plate2_G03,_,,
EvolvingFront_WGS_Plate2_G04,ACAATAACCGGTAACGTGTTTTTCTA_CCAACAAAACACAAATCTGTTGTGTA,ACAATAACCGGTAACGTGTTTTTCTA,CCAACAAAACACAAATCTGTTGTGTA
EvolvingFront_WGS_Plate2_G05,ACGTGAAACAGTAAACCGCTTACATA_CCAACAAAACACAAATCTGTTGTGTA,ACGTGAAACAGTAAACCGCTTACATA,CCAACAAAACACAAATCTGTTGTGTA
EvolvingFront_WGS_Plate2_G06,TGATCAAACCTTAAATATTTTTTGCC_CCAACAAAACACAAATCTGTTGTGTA,TGATCAAACCTTAAATATTTTTTGCC,CCAACAAAACACAAATCTGTTGTGTA
EvolvingFront_WGS_Plate2_G07,TATAAAATGTAGAACACACTTCTTCT_CCAACAAAACACAAATCTGTTGTGTA,TATAAAATGTAGAACACACTTCTTCT,CCAACAAAACACAAATCTGTTGTGTA
EvolvingFront_WGS_Plate2_G08,GGGACAATCGTAAATCGCTTTCACAT_CCAACAAAACACAAATCTGTTGTGTA,GGGACAATCGTAAATCGCTTTCACAT,CCAACAAAACACAAATCTGTTGTGTA
EvolvingFront_WGS_Plate2_G09,ATATGAAATGACAAGTCCCTTCTTAA_CCAACAAAACACAAATCTGTTGTGTA,ATATGAAATGACAAGTCCCTTCTTAA,CCAACAAAACACAAATCTGTTGTGTA
EvolvingFront_WGS_Plate2_G10,CCGTAAAGTATGAACGCAATTATCAC_CCAACAAAACACAAATCTGTTGTGTA,CCGTAAAGTATGAACGCAATTATCAC,CCAACAAAACACAAATCTGTTGTGTA
EvolvingFront_WGS_Plate2_G11,ACTTGAATCATTAACGCTCTTCTGAA_CCAACAAAACACAAATCTGTTGTGTA,ACTTGAATCATTAACGCTCTTCTGAA,CCAACAAAACACAAATCTGTTGTGTA
EvolvingFront_WGS_Plate2_G12,TCAGTAACAGAAAAACGGCTTTGCGG_CCAACAAAACACAAATCTGTTGTGTA,TCAGTAACAGAAAAACGGCTTTGCGG,CCAACAAAACACAAATCTGTTGTGTA
EvolvingFront_WGS_Plate2_H01,ATGGCAAACGTAAATGCTTTTCTAGG_CCAACAAAACACAAATCTGTTGTGTA,ATGGCAAACGTAAATGCTTTTCTAGG,CCAACAAAACACAAATCTGTTGTGTA
EvolvingFront_WGS_Plate2_H02,GAGGCAAACAATAAGGTGTTTGGTTG_CCAACAAAACACAAATCTGTTGTGTA,GAGGCAAACAATAAGGTGTTTGGTTG,CCAACAAAACACAAATCTGTTGTGTA
EvolvingFront_WGS_Plate2_H03,TGATCAACTATGAATTGTGTTTCCCC_CCAACAAAACACAAATCTGTTGTGTA,TGATCAACTATGAATTGTGTTTCCCC,CCAACAAAACACAAATCTGTTGTGTA
EvolvingFront_WGS_Plate2_H04,AATCAAATATTCAATGACGTTGAATT_CCAACAAAACACAAATCTGTTGTGTA,AATCAAATATTCAATGACGTTGAATT,CCAACAAAACACAAATCTGTTGTGTA
EvolvingFront_WGS_Plate2_H05,CAATTAAAAGGGAATCTATTTTGTCG_CCAACAAAACACAAATCTGTTGTGTA,CAATTAAAAGGGAATCTATTTTGTCG,CCAACAAAACACAAATCTGTTGTGTA
EvolvingFront_WGS_Plate2_H06,AGCTTAATTTCGAAGTCCATTACGTT_CCAACAAAACACAAATCTGTTGTGTA,AGCTTAATTTCGAAGTCCATTACGTT,CCAACAAAACACAAATCTGTTGTGTA
EvolvingFront_WGS_Plate2_H07,TTTGAAACAAAGAAAAAAGTTAGGGC_CCAACAAAACACAAATCTGTTGTGTA,TTTGAAACAAAGAAAAAAGTTAGGGC,CCAACAAAACACAAATCTGTTGTGTA
EvolvingFront_WGS_Plate2_H08,ACGTCAAGACCAAACTAGCTTTCGGC_CCAACAAAACACAAATCTGTTGTGTA,ACGTCAAGACCAAACTAGCTTTCGGC,CCAACAAAACACAAATCTGTTGTGTA
EvolvingFront_WGS_Plate2_H09,TTGTAAACAGCTAATTTGATTTACAC_CCAACAAAACACAAATCTGTTGTGTA,TTGTAAACAGCTAATTTGATTTACAC,CCAACAAAACACAAATCTGTTGTGTA
EvolvingFront_WGS_Plate2_H10,TGCCAAATATTTATCATTTTAATCA_CCAACAAAACACAAATCTGTTGTGTA,TGCCAAATATTTATCATTTTAATCA,CCAACAAAACACAAATCTGTTGTGTA
EvolvingFront_WGS_Plate2_H11,TAATTAACAATTAAGAATTTTTAGAG_CCAACAAAACACAAATCTGTTGTGTA,TAATTAACAATTAAGAATTTTTAGAG,CCAACAAAACACAAATCTGTTGTGTA
EvolvingFront_WGS_Plate2_H12,_,,
EvolvingFront_WGS_Plate5_A01,CATCGAAGGGAAAACCAGCTTAGCCG_AATGCAATAATGAAATGATTTGAGGA,CATCGAAGGGAAAACCAGCTTAGCCG,AATGCAATAATGAAATGATTTGAGGA
EvolvingFront_WGS_Plate5_A02,_,,
EvolvingFront_WGS_Plate5_A03,CACATAAGATGTAAGGTATTTTATGC_CATAAAAAGACTAATCTTATTAATGC,CACATAAGATGTAAGGTATTTTATGC,CATAAAAAGACTAATCTTATTAATGC
EvolvingFront_WGS_Plate5_A04,TTAAAAAATGTCAAGTTTTTTTACGA_CATAAAAAGACTAATCTTATTAATGC,TTAAAAAATGTCAAGTTTTTTTACGA,CATAAAAAGACTAATCTTATTAATGC
EvolvingFront_WGS_Plate5_A05,AACGCAAAACCTAATTTCTTTTTGTG_CATAAAAAGACTAATCTTATTAATGC,AACGCAAAACCTAATTTCTTTTTGTG,CATAAAAAGACTAATCTTATTAATGC
EvolvingFront_WGS_Plate5_A06,ACATGAACGTGTAATGCGATTGCGGG_GAAATAAACCACAACGACATTCTAAT,ACATGAACGTGTAATGCGATTGCGGG,GAAATAAACCACAACGACATTCTAAT
EvolvingFront_WGS_Plate5_A07,AAGTAAATACTTAACTTTTTTGCCTG_CATAAAAAGACTAATCTTATTAATGC,AAGTAAATACTTAACTTTTTTGCCTG,CATAAAAAGACTAATCTTATTAATGC
EvolvingFront_WGS_Plate5_A08,ACTCTAAATACAAATATACTTGTGTT_CATAAAAAGACTAATCTTATTAATGC,ACTCTAAATACAAATATACTTGTGTT,CATAAAAAGACTAATCTTATTAATGC
EvolvingFront_WGS_Plate5_A09,_,,
EvolvingFront_WGS_Plate5_A10,AGTAAAACTGGAAATATTTTTGAACC_CATAAAAAGACTAATCTTATTAATGC,AGTAAAACTGGAAATATTTTTGAACC,CATAAAAAGACTAATCTTATTAATGC
EvolvingFront_WGS_Plate5_A11,ATAGGAACCTTCAACCCTGTTTACTG_CATAAAAAGACTAATCTTATTAATGC,ATAGGAACCTTCAACCCTGTTTACTG,CATAAAAAGACTAATCTTATTAATGC
EvolvingFront_WGS_Plate5_A12,ATCTAAACTGTGAAGTCGATTAGTTT_TGTACAAATCTTAAGAAGATTACAAG,ATCTAAACTGTGAAGTCGATTAGTTT,TGTACAAATCTTAAGAAGATTACAAG
EvolvingFront_WGS_Plate5_B01,GTGGAAATAAATAATGAGTTTGGATG_CATAAAAAGACTAATCTTATTAATGC,GTGGAAATAAATAATGAGTTTGGATG,CATAAAAAGACTAATCTTATTAATGC
EvolvingFront_WGS_Plate5_B02,GCGCAAACATAAAACATTCTTAGTTC_CATAAAAAGACTAATCTTATTAATGC,GCGCAAACATAAAACATTCTTAGTTC,CATAAAAAGACTAATCTTATTAATGC
EvolvingFront_WGS_Plate5_B03,AATGGAAGCCGGAAAGTCTTTTATAT_CATAAAAAGACTAATCTTATTAATGC,AATGGAAGCCGGAAAGTCTTTTATAT,CATAAAAAGACTAATCTTATTAATGC
EvolvingFront_WGS_Plate5_B04,CCGAAAAATCTTAATGATCTTACTAG_CATAAAAAGACTAATCTTATTAATGC,CCGAAAAATCTTAATGATCTTACTAG,CATAAAAAGACTAATCTTATTAATGC
EvolvingFront_WGS_Plate5_B05,CATCTAAGGGATAATGTTGTTGGTTC_CATAAAAAGACTAATCTTATTAATGC,CATCTAAGGGATAATGTTGTTGGTTC,CATAAAAAGACTAATCTTATTAATGC
EvolvingFront_WGS_Plate5_B06,TTAGAAACACGTAATTGTTTTAGAAT_CATAAAAAGACTAATCTTATTAATGC,TTAGAAACACGTAATTGTTTTAGAAT,CATAAAAAGACTAATCTTATTAATGC
EvolvingFront_WGS_Plate5_B07,TCCCTAAAAGTAAAAGTTTTTGAAGG_GAAATAAACCACAACGACATTCTAAT,TCCCTAAAAGTAAAAGTTTTTGAAGG,GAAATAAACCACAACGACATTCTAAT
EvolvingFront_WGS_Plate5_B08,TATCTAAGATTAAATACATTTATATT_CATAAAAAGACTAATCTTATTAATGC,TATCTAAGATTAAATACATTTATATT,CATAAAAAGACTAATCTTATTAATGC
EvolvingFront_WGS_Plate5_B09,AGAATAATGAACAAAATGCTTTTAAA_CATAAAAAGACTAATCTTATTAATGC,AGAATAATGAACAAAATGCTTTTAAA,CATAAAAAGACTAATCTTATTAATGC
EvolvingFront_WGS_Plate5_B10,_,,
EvolvingFront_WGS_Plate5_B11,_,,
EvolvingFront_WGS_Plate5_B12,ACATAAACCGTGAAGTTGATTAGTGT_ATCAGAAGTTCGAATCAAATTACGAA,ACATAAACCGTGAAGTTGATTAGTGT,ATCAGAAGTTCGAATCAAATTACGAA
EvolvingFront_WGS_Plate5_C01,_,,
EvolvingFront_WGS_Plate5_C02,GACTTAAGCACTAATGTGGTTGTTAG_ACTTAAAAAGCAAACATGATTATTCA,GACTTAAGCACTAATGTGGTTGTTAG,ACTTAAAAAGCAAACATGATTATTCA
EvolvingFront_WGS_Plate5_C03,GATAGAACTCCTAAGGTTGTTCGCTT_AGAACAAAAACTAAACTCATTCATGG,GATAGAACTCCTAAGGTTGTTCGCTT,AGAACAAAAACTAAACTCATTCATGG
EvolvingFront_WGS_Plate5_C04,CCTGCAATACCGAAGGATCTTAATCT_GTATTAAAATTAAAAATAATTGCACA,CCTGCAATACCGAAGGATCTTAATCT,GTATTAAAATTAAAAATAATTGCACA
EvolvingFront_WGS_Plate5_C05,TGAAGAATTTGGAATGTATTTTTTGA_ATCAGAAGTTCGAATCAAATTACGAA,TGAAGAATTTGGAATGTATTTTTTGA,ATCAGAAGTTCGAATCAAATTACGAA
EvolvingFront_WGS_Plate5_C06,ACGTAAAAGCTAAAGGGGTTTGCAGG_ACTTAAAAAGCAAACATGATTATTCA,ACGTAAAAGCTAAAGGGGTTTGCAGG,ACTTAAAAAGCAAACATGATTATTCA
EvolvingFront_WGS_Plate5_C07,AAATCAAAGACGAAGGTTATTGTTTT_AGAACAAAAACTAAACTCATTCATGG,AAATCAAAGACGAAGGTTATTGTTTT,AGAACAAAAACTAAACTCATTCATGG
EvolvingFront_WGS_Plate5_C08,GCCAAAACGGCGAAAGGACTTTTATC_ATCAGAAGTTCGAATCAAATTACGAA,GCCAAAACGGCGAAAGGACTTTTATC,ATCAGAAGTTCGAATCAAATTACGAA
EvolvingFront_WGS_Plate5_C09,TCTAAAAGCTGAAACGTATTTGTGGA_AGAACAAAAACTAAACTCATTCATGG,TCTAAAAGCTGAAACGTATTTGTGGA,AGAACAAAAACTAAACTCATTCATGG
EvolvingFront_WGS_Plate5_C10,AGGTCAAATGACAAGCATGTTTGAAC_GACAGAAAAGCCAAATGGATTTACCG,AGGTCAAATGACAAGCATGTTTGAAC,GACAGAAAAGCCAAATGGATTTACCG
EvolvingFront_WGS_Plate5_C11,CAATAAATCTATAAAATATTTAAGTC_GTATTAAAATTAAAAATAATTGCACA,CAATAAATCTATAAAATATTTAAGTC,GTATTAAAATTAAAAATAATTGCACA
EvolvingFront_WGS_Plate5_C12,TGGCAAATTTTGAAGCAGGTTATTCA_ATCAGAAGTTCGAATCAAATTACGAA,TGGCAAATTTTGAAGCAGGTTATTCA,ATCAGAAGTTCGAATCAAATTACGAA
EvolvingFront_WGS_Plate5_D01,ATCCAAAGGGATAAACAATTTATCTA_GACAGAAAAGCCAAATGGATTTACCG,ATCCAAAGGGATAAACAATTTATCTA,GACAGAAAAGCCAAATGGATTTACCG
EvolvingFront_WGS_Plate5_D02,CCGCTAAAACATAAAATTATTTAAAG_TTAAAAATACAAAAAAAGATTTAAGG,CCGCTAAAACATAAAATTATTTAAAG,TTAAAAATACAAAAAAAGATTTAAGG
EvolvingFront_WGS_Plate5_D03,GAGGCAATCGAAAACAAAGTTGTTAT_TTAAAAATACAAAAAAAGATTTAAGG,GAGGCAATCGAAAACAAAGTTGTTAT,TTAAAAATACAAAAAAAGATTTAAGG
EvolvingFront_WGS_Plate5_D04,CGATCAAAAAGTAAGTTAATTCGTTC_ATCAGAAGTTCGAATCAAATTACGAA,CGATCAAAAAGTAAGTTAATTCGTTC,ATCAGAAGTTCGAATCAAATTACGAA
EvolvingFront_WGS_Plate5_D05,ATGACAATTATTAAAGCGGTTGTCGA_ATCAGAAGTTCGAATCAAATTACGAA,ATGACAATTATTAAAGCGGTTGTCGA,ATCAGAAGTTCGAATCAAATTACGAA
EvolvingFront_WGS_Plate5_D06,GAGTGAAACATGAATGGTATTCATCA_TGATCAATCTACAAAAATATTTAATG,GAGTGAAACATGAATGGTATTCATCA,TGATCAATCTACAAAAATATTTAATG
EvolvingFront_WGS_Plate5_D07,TTGAAAACATGAAAAACGGTTGTCCA_CATTGAATCACAAAATAGGTTAGATG,TTGAAAACATGAAAAACGGTTGTCCA,CATTGAATCACAAAATAGGTTAGATG
EvolvingFront_WGS_Plate5_D08,ATAGAAAACATGAAAATGGTTGGGTT_TGATCAATCTACAAAAATATTTAATG,ATAGAAAACATGAAAATGGTTGGGTT,TGATCAATCTACAAAAATATTTAATG
EvolvingFront_WGS_Plate5_D09,ATCGTAAGCGTGAAAGGGTTTTTCTC_CATTGAATCACAAAATAGGTTAGATG,ATCGTAAGCGTGAAAGGGTTTTTCTC,CATTGAATCACAAAATAGGTTAGATG
EvolvingFront_WGS_Plate5_D10,ATCATAATTGTCAAGTCATTTATTAG_CATTGAATCACAAAATAGGTTAGATG,ATCATAATTGTCAAGTCATTTATTAG,CATTGAATCACAAAATAGGTTAGATG
EvolvingFront_WGS_Plate5_D11,ATCAAAACTACCAATACTCTTTATTT_TGATCAATCTACAAAAATATTTAATG,ATCAAAACTACCAATACTCTTTATTT,TGATCAATCTACAAAAATATTTAATG
EvolvingFront_WGS_Plate5_D12,TGGACAATACCAAAGCTCCTTTGCCG_CATTGAATCACAAAATAGGTTAGATG,TGGACAATACCAAAGCTCCTTTGCCG,CATTGAATCACAAAATAGGTTAGATG
EvolvingFront_WGS_Plate5_E01,CCGGGAAGAAAGAAACGGATTACTAG_TGATCAATCTACAAAAATATTTAATG,CCGGGAAGAAAGAAACGGATTACTAG,TGATCAATCTACAAAAATATTTAATG
EvolvingFront_WGS_Plate5_E02,CCGAGAATACAGAATTTAATTTGTGT_CATTGAATCACAAAATAGGTTAGATG,CCGAGAATACAGAATTTAATTTGTGT,CATTGAATCACAAAATAGGTTAGATG
EvolvingFront_WGS_Plate5_E03,CTAGGAACATAGAAGGTTTTTGGATT_CATTGAATCACAAAATAGGTTAGATG,CTAGGAACATAGAAGGTTTTTGGATT,CATTGAATCACAAAATAGGTTAGATG
EvolvingFront_WGS_Plate5_E04,ACACAAAAAGTTAAGGTGGTTGAGCA_TGATCAATCTACAAAAATATTTAATG,ACACAAAAAGTTAAGGTGGTTGAGCA,TGATCAATCTACAAAAATATTTAATG
EvolvingFront_WGS_Plate5_E05,CAAGGAAATACGAACTTACTTATGAC_CATTGAATCACAAAATAGGTTAGATG,CAAGGAAATACGAACTTACTTATGAC,CATTGAATCACAAAATAGGTTAGATG
EvolvingFront_WGS_Plate5_E06,GACAAAAACTACAATAGTCTTTTACC_TGATCAATCTACAAAAATATTTAATG,GACAAAAACTACAATAGTCTTTTACC,TGATCAATCTACAAAAATATTTAATG
EvolvingFront_WGS_Plate5_E07,AATTTAAACATTAATTCGTTTTTTAT_TGATCAATCTACAAAAATATTTAATG,AATTTAAACATTAATTCGTTTTTTAT,TGATCAATCTACAAAAATATTTAATG
EvolvingFront_WGS_Plate5_E08,GCTCTAATTTATAATACATTTAAGTA_CATTGAATCACAAAATAGGTTAGATG,GCTCTAATTTATAATACATTTAAGTA,CATTGAATCACAAAATAGGTTAGATG
EvolvingFront_WGS_Plate5_E09,GAGACAAGCCTTAATTGGGTTCTACG_CATTGAATCACAAAATAGGTTAGATG,GAGACAAGCCTTAATTGGGTTCTACG,CATTGAATCACAAAATAGGTTAGATG
EvolvingFront_WGS_Plate5_E10,CCGGAAAGCTGAAATATATTTTTTAT_TGATCAATCTACAAAAATATTTAATG,CCGGAAAGCTGAAATATATTTTTTAT,TGATCAATCTACAAAAATATTTAATG
EvolvingFront_WGS_Plate5_E11,CATAGAAAGAAAAAGTTTGTTCTGCC_TGATCAATCTACAAAAATATTTAATG,CATAGAAAGAAAAAGTTTGTTCTGCC,TGATCAATCTACAAAAATATTTAATG
EvolvingFront_WGS_Plate5_E12,ATTATAAATCAGAATTGCGTTTGGCA_CATTGAATCACAAAATAGGTTAGATG,ATTATAAATCAGAATTGCGTTTGGCA,CATTGAATCACAAAATAGGTTAGATG
EvolvingFront_WGS_Plate5_F01,TCCGCAAGACGGAATTTGGTTTGTTG_TGATCAATCTACAAAAATATTTAATG,TCCGCAAGACGGAATTTGGTTTGTTG,TGATCAATCTACAAAAATATTTAATG
EvolvingFront_WGS_Plate5_F02,ACGTAAATTAAAAAGCCAGTTCATCA_TGATCAATCTACAAAAATATTTAATG,ACGTAAATTAAAAAGCCAGTTCATCA,TGATCAATCTACAAAAATATTTAATG
EvolvingFront_WGS_Plate5_F03,CTGATAAAATTAAAGTTCATTAATTT_CATTGAATCACAAAATAGGTTAGATG,CTGATAAAATTAAAGTTCATTAATTT,CATTGAATCACAAAATAGGTTAGATG
EvolvingFront_WGS_Plate5_F04,CTCTTAAACAGGAAATATATTATAGA_TGATCAATCTACAAAAATATTTAATG,CTCTTAAACAGGAAATATATTATAGA,TGATCAATCTACAAAAATATTTAATG
EvolvingFront_WGS_Plate5_F05,TGTGGAACGCAAAAGGAAATTCTTGC_TGATCAATCTACAAAAATATTTAATG,TGTGGAACGCAAAAGGAAATTCTTGC,TGATCAATCTACAAAAATATTTAATG
EvolvingFront_WGS_Plate5_F06,ACACTAACTCTCAACTATTTAGTTT_TGATCAATCTACAAAAATATTTAATG,ACACTAACTCTCAACTATTTAGTTT,TGATCAATCTACAAAAATATTTAATG
EvolvingFront_WGS_Plate5_F07,AACTGAAGACTAAATATGATTTCGGT_TGATCAATCTACAAAAATATTTAATG,AACTGAAGACTAAATATGATTTCGGT,TGATCAATCTACAAAAATATTTAATG
EvolvingFront_WGS_Plate5_F08,AGATTAACACAGAATCTCGTTAGACC_CATTGAATCACAAAATAGGTTAGATG,AGATTAACACAGAATCTCGTTAGACC,CATTGAATCACAAAATAGGTTAGATG
EvolvingFront_WGS_Plate5_F09,TATATAAGATGCAATCCCTTTATGCG_TGATCAATCTACAAAAATATTTAATG,TATATAAGATGCAATCCCTTTATGCG,TGATCAATCTACAAAAATATTTAATG
EvolvingFront_WGS_Plate5_F10,TTGATAACAAACAAAGCGATTACAAT_CATTGAATCACAAAATAGGTTAGATG,TTGATAACAAACAAAGCGATTACAAT,CATTGAATCACAAAATAGGTTAGATG
EvolvingFront_WGS_Plate5_F11,GGGCGAAACTGCAAGGCAGTTAGGCG_TGATCAATCTACAAAAATATTTAATG,GGGCGAAACTGCAAGGCAGTTAGGCG,TGATCAATCTACAAAAATATTTAATG
EvolvingFront_WGS_Plate5_F12,TAAACAACATTTAATTACTTTCGAAT_CATTGAATCACAAAATAGGTTAGATG,TAAACAACATTTAATTACTTTCGAAT,CATTGAATCACAAAATAGGTTAGATG
EvolvingFront_WGS_Plate5_G01,GTACCAATATACAATGCACTTTATCA_CATTGAATCACAAAATAGGTTAGATG,GTACCAATATACAATGCACTTTATCA,CATTGAATCACAAAATAGGTTAGATG
EvolvingFront_WGS_Plate5_G02,AACTTAAAGCCTAAATCATTTCCTCT_CATTGAATCACAAAATAGGTTAGATG,AACTTAAAGCCTAAATCATTTCCTCT,CATTGAATCACAAAATAGGTTAGATG
EvolvingFront_WGS_Plate5_G03,AAGGGAAGGGGGAAGGGGTTTGAAGC_CATTGAATCACAAAATAGGTTAGATG,AAGGGAAGGGGGAAGGGGTTTGAAGC,CATTGAATCACAAAATAGGTTAGATG
EvolvingFront_WGS_Plate5_G04,AGACTAACATCGAACGCTTTTACACA_CATTGAATCACAAAATAGGTTAGATG,AGACTAACATCGAACGCTTTTACACA,CATTGAATCACAAAATAGGTTAGATG
EvolvingFront_WGS_Plate5_G05,TGATAAATACATAAAGTATTTCTTGA_TGATCAATCTACAAAAATATTTAATG,TGATAAATACATAAAGTATTTCTTGA,TGATCAATCTACAAAAATATTTAATG
EvolvingFront_WGS_Plate5_G06,GAAGGAATGGTCAACGTCTTTACCAC_CATTGAATCACAAAATAGGTTAGATG,GAAGGAATGGTCAACGTCTTTACCAC,CATTGAATCACAAAATAGGTTAGATG
EvolvingFront_WGS_Plate5_G07,TGAAAAAATAATAATATGATTCCGTT_CCAACAAAACACAAATCTGTTGTGTA,TGAAAAAATAATAATATGATTCCGTT,CCAACAAAACACAAATCTGTTGTGTA
EvolvingFront_WGS_Plate5_G08,TCAATAACAATCAAGGTGGTTGTGTG_CCAACAAAACACAAATCTGTTGTGTA,TCAATAACAATCAAGGTGGTTGTGTG,CCAACAAAACACAAATCTGTTGTGTA
EvolvingFront_WGS_Plate5_G09,GGGACAATCGTAAATCGCTTTCACAT_CCAACAAAACACAAATCTGTTGTGTA,GGGACAATCGTAAATCGCTTTCACAT,CCAACAAAACACAAATCTGTTGTGTA
EvolvingFront_WGS_Plate5_G10,TAATTAACAATTAAGAATTTTTAGAG_CCAACAAAACACAAATCTGTTGTGTA,TAATTAACAATTAAGAATTTTTAGAG,CCAACAAAACACAAATCTGTTGTGTA
EvolvingFront_WGS_Plate5_G11,GGTTCAACCATTAATGGCGTTGGCCT_CCAACAAAACACAAATCTGTTGTGTA,GGTTCAACCATTAATGGCGTTGGCCT,CCAACAAAACACAAATCTGTTGTGTA
EvolvingFront_WGS_Plate5_G12,ATCAAAATATACAATAAGGTTATATT_CCAACAAAACACAAATCTGTTGTGTA,ATCAAAATATACAATAAGGTTATATT,CCAACAAAACACAAATCTGTTGTGTA
EvolvingFront_WGS_Plate5_H01,GTCTTAAATGGTAACACATTTCGGAA_CCAACAAAACACAAATCTGTTGTGTA,GTCTTAAATGGTAACACATTTCGGAA,CCAACAAAACACAAATCTGTTGTGTA
EvolvingFront_WGS_Plate5_H02,TCTTGAAGCTTAAAATGTGTTTTTAT_CCAACAAAACACAAATCTGTTGTGTA,TCTTGAAGCTTAAAATGTGTTTTTAT,CCAACAAAACACAAATCTGTTGTGTA
EvolvingFront_WGS_Plate5_H03,AAGAAAACAAAGAATAGATTTGCCAA_TATCGAAACCCAAAGAGATTTAATCG,AAGAAAACAAAGAATAGATTTGCCAA,TATCGAAACCCAAAGAGATTTAATCG
EvolvingFront_WGS_Plate5_H04,TAGCCAACATGTAATCAACTTAATAT_TATCGAAACCCAAAGAGATTTAATCG,TAGCCAACATGTAATCAACTTAATAT,TATCGAAACCCAAAGAGATTTAATCG
EvolvingFront_WGS_Plate5_H05,TCACTAATAGTAAAACTATTTCTGAA_TATCGAAACCCAAAGAGATTTAATCG,TCACTAATAGTAAAACTATTTCTGAA,TATCGAAACCCAAAGAGATTTAATCG
EvolvingFront_WGS_Plate5_H06,CACCTAAACTACAAACTTATTAAGAT_TATCGAAACCCAAAGAGATTTAATCG,CACCTAAACTACAAACTTATTAAGAT,TATCGAAACCCAAAGAGATTTAATCG
EvolvingFront_WGS_Plate5_H07,TCACCAATCCAAAAGTCACTTGATTC_TATCGAAACCCAAAGAGATTTAATCG,TCACCAATCCAAAAGTCACTTGATTC,TATCGAAACCCAAAGAGATTTAATCG
EvolvingFront_WGS_Plate5_H08,GCACAAACTTTTAATCGGATTGAGAG_ATCACAATAACTAAACTGATTCTTCA,GCACAAACTTTTAATCGGATTGAGAG,ATCACAATAACTAAACTGATTCTTCA
EvolvingFront_WGS_Plate5_H09,GACACAACGAAGAAATATATTTGAAC_ATCACAATAACTAAACTGATTCTTCA,GACACAACGAAGAAATATATTTGAAC,ATCACAATAACTAAACTGATTCTTCA
EvolvingFront_WGS_Plate5_H10,AGCGAAACCTGCAAGCAACTTGCTAG_ATCACAATAACTAAACTGATTCTTCA,AGCGAAACCTGCAAGCAACTTGCTAG,ATCACAATAACTAAACTGATTCTTCA
EvolvingFront_WGS_Plate5_H11,TATCAAAATTATAATACTATTGGATA_ATCACAATAACTAAACTGATTCTTCA,TATCAAAATTATAATACTATTGGATA,ATCACAATAACTAAACTGATTCTTCA
EvolvingFront_WGS_Plate5_H12,_,,
