,gene,count,effects
5,KSP1,68,"['frameshift_variant:c.1529delT:p.Phe510fs:1/1', 'stop_gained:c.660G>A:p.Trp220*:1/1', 'frameshift_variant:c.746delC:p.Pro249fs:1/1', 'stop_gained:c.1997T>A:p.Leu666*:1/1', 'frameshift_variant:c.1293delA:p.Lys431fs:1/1', 'frameshift_variant:c.2879delG:p.Gly960fs:1/1', 'stop_gained:c.193G>T:p.Glu65*:1/1', 'stop_gained:c.548C>A:p.Ser183*:1/1', 'stop_gained:c.1739G>A:p.Trp580*:1/1', 'missense_variant:c.635A>G:p.Asn212Ser:1/1', 'missense_variant:c.34G>A:p.Gly12Ser:1/1', 'stop_lost&splice_region_variant:c.3088T>C:p.Ter1030Glnext*?:0/1', 'stop_gained:c.1539C>A:p.Tyr513*:1/1', 'stop_gained:c.1633C>T:p.Gln545*:1/1', 'stop_gained:c.1805C>G:p.Ser602*:1/1', 'conservative_inframe_insertion:c.679_699dupTGGGGATTGGCTACTACAGAT:p.Asp233_Lys234insTrpGlyLeuAlaThrThrAsp:1/1', 'stop_gained:c.54T>G:p.Tyr18*:1/1', 'frameshift_variant:c.660delG:p.Trp220fs:1/1', 'stop_gained:c.400G>T:p.Glu134*:1/1', 'stop_gained:c.1796C>A:p.Ser599*:1/1', 'stop_gained:c.1885C>T:p.Gln629*:1/1', 'stop_gained:c.1033C>T:p.Gln345*:1/1', 'frameshift_variant:c.2929delA:p.Arg977fs:1/1', 'missense_variant:c.95T>A:p.Val32Glu:1/1', 'frameshift_variant:c.108delA:p.Asp37fs:1/1', 'missense_variant:c.811G>A:p.Asp271Asn:1/1', 'frameshift_variant:c.2079delA:p.Leu693fs:1|1', 'stop_gained:c.1656C>G:p.Tyr552*:1/1', 'stop_gained:c.1805C>G:p.Ser602*:0/1', 'missense_variant:c.826G>A:p.Gly276Arg:1/1', 'frameshift_variant:c.807delA:p.Val270fs:1/1', 'frameshift_variant:c.27delA:p.Glu10fs:1/1', 'stop_gained:c.174C>G:p.Tyr58*:1/1', 'frameshift_variant:c.1262delA:p.Asn421fs:1/1', 'frameshift_variant:c.335delA:p.Lys112fs:1/1', 'stop_gained:c.1756A>T:p.Lys586*:1/1', 'missense_variant:c.676G>T:p.Asp226Tyr:1/1', 'missense_variant:c.799T>C:p.Cys267Arg:1/1', 'missense_variant:c.134C>A:p.Ala45Glu:1/1', 'missense_variant:c.614A>C:p.His205Pro:1/1', 'frameshift_variant:c.1615delT:p.Ser539fs:1/1', 'missense_variant:c.677A>G:p.Asp226Gly:1/1', 'frameshift_variant:c.900_907delTTATTTTG:p.Tyr301fs:1/1', 'missense_variant:c.748G>A:p.Glu250Lys:0/1', 'frameshift_variant:c.760delA:p.Ser254fs:1|1', 'missense_variant:c.811G>T:p.Asp271Tyr:1/1', 'frameshift_variant:c.2736delC:p.Phe913fs:1/1', 'frameshift_variant:c.1528dupT:p.His511fs:1/1', 'frameshift_variant:c.1319delT:p.Phe440fs:1/1', 'stop_gained:c.144C>A:p.Tyr48*:1/1', 'frameshift_variant:c.734_735delGA:p.Arg245fs:1/1', 'frameshift_variant:c.1115delT:p.Leu372fs:1/1', 'stop_gained:c.893C>A:p.Ser298*:1/1', 'frameshift_variant:c.837_840delTCTT:p.Phe279fs:1/1', 'stop_gained:c.83C>G:p.Ser28*:1/1', 'stop_gained:c.1762A>T:p.Arg588*:1/1', 'stop_gained:c.508G>T:p.Glu170*:1/1', 'frameshift_variant:c.1319delT:p.Phe440fs:0/1', 'stop_gained:c.548C>A:p.Ser183*:0/1', 'stop_gained:c.324C>G:p.Tyr108*:1/1', 'frameshift_variant:c.1115delT:p.Leu372fs:0/1', 'stop_gained:c.1638C>A:p.Tyr546*:1/1', 'frameshift_variant:c.1682delA:p.Asn561fs:1/1', 'stop_lost&splice_region_variant:c.3088T>C:p.Ter1030Glnext*?:1/1', 'missense_variant:c.679T>C:p.Trp227Arg:1/1', 'frameshift_variant:c.2723delG:p.Ser908fs:1/1', 'missense_variant:c.50G>C:p.Arg17Pro:1/1', 'missense_variant:c.724G>C:p.Gly242Arg:1/1']"
110,PUF3,28,"['stop_gained:c.1519C>T:p.Gln507*:1/1', 'stop_gained:c.1604C>A:p.Ser535*:1/1', 'stop_gained:c.34G>T:p.Glu12*:1/1', 'stop_gained:c.1641C>A:p.Cys547*:1/1', 'stop_gained:c.474C>G:p.Tyr158*:1/1', 'frameshift_variant:c.1814delA:p.Asn605fs:1/1', 'frameshift_variant:c.912delC:p.Tyr305fs:1/1', 'stop_gained:c.2335G>T:p.Glu779*:1/1', 'frameshift_variant:c.1808_1809insC:p.Gln603fs:1/1', 'frameshift_variant:c.911dupC:p.Tyr305fs:1/1', 'stop_gained:c.746C>A:p.Ser249*:1/1', 'stop_gained:c.1641C>A:p.Cys547*:0|0', 'frameshift_variant:c.1813dupA:p.Asn605fs:1/1', 'frameshift_variant:c.2363delA:p.Asn788fs:1/1', 'stop_gained:c.1417A>T:p.Lys473*:1/1', 'stop_gained:c.2123C>A:p.Ser708*:1/1', 'stop_gained:c.2509G>T:p.Glu837*:1/1', 'disruptive_inframe_deletion:c.2309_2344delAACATAAATTTGCCTCCAACGTGGTCGAAAAATCTA:p.Lys770_Ser781del:1/1', 'frameshift_variant:c.1814delA:p.Asn605fs:0/1', 'frameshift_variant:c.2027dupT:p.Leu676fs:1/1', 'stop_gained:c.2314A>T:p.Lys772*:1/1', 'stop_gained:c.1055C>G:p.Ser352*:1/1', 'stop_gained:c.1675G>T:p.Glu559*:1/1', 'missense_variant:c.2201A>G:p.Tyr734Cys:1/1', 'stop_gained:c.1039G>T:p.Glu347*:1/1', 'stop_gained:c.2547T>G:p.Tyr849*:1/1', 'stop_gained:c.571A>T:p.Arg191*:1/1', 'stop_gained:c.1069A>T:p.Lys357*:1/1']"
104,RTG2,15,"['missense_variant:c.989G>T:p.Ser330Ile:1/1', 'missense_variant:c.1663G>A:p.Ala555Thr:1/1', 'missense_variant:c.889T>G:p.Phe297Val:0/1', 'missense_variant:c.1663G>C:p.Ala555Pro:1/1', 'missense_variant:c.1455G>A:p.Met485Ile:0/1', 'missense_variant:c.1669G>A:p.Val557Ile:1/1', 'missense_variant:c.563G>C:p.Gly188Ala:1/1', 'missense_variant:c.431G>A:p.Gly144Asp:1/1', 'missense_variant:c.719G>C:p.Arg240Pro:1/1', 'missense_variant:c.890T>C:p.Phe297Ser:0/1', 'missense_variant:c.910G>C:p.Ala304Pro:1/1', 'missense_variant:c.916C>A:p.Gln306Lys:1/1', 'missense_variant:c.899C>T:p.Ser300Phe:0/1', 'missense_variant:c.152G>T:p.Arg51Met:0/1', 'missense_variant:c.887T>G:p.Ile296Arg:1/1']"
161,PAB1,13,"['missense_variant:c.127G>C:p.Gly43Arg:1/1', 'missense_variant:c.164A>G:p.Tyr55Cys:0/1', 'missense_variant:c.380A>G:p.Asn127Ser:1/1', 'missense_variant:c.209G>T:p.Cys70Phe:1/1', 'missense_variant:c.130G>T:p.Asp44Tyr:1/1', 'missense_variant:c.602A>C:p.His201Pro:1/1', 'missense_variant:c.461C>T:p.Ser154Phe:1/1', 'missense_variant:c.205G>T:p.Val69Phe:1/1', 'missense_variant:c.350A>G:p.Asp117Gly:1/1', 'missense_variant:c.355T>C:p.Ser119Pro:1/1', 'missense_variant:c.298A>G:p.Asn100Asp:1/1', 'missense_variant:c.253A>G:p.Asn85Asp:1/1', 'missense_variant:c.381C>G:p.Asn127Lys:1/1']"
109,CIT1,13,"['missense_variant:c.1307G>T:p.Gly436Val:1/1', 'missense_variant:c.254G>A:p.Arg85Lys:1/1', 'missense_variant:c.638A>G:p.Asp213Gly:1/1', 'missense_variant:c.1240T>C:p.Ser414Pro:1/1', 'missense_variant:c.847G>A:p.Ala283Thr:1/1', 'missense_variant:c.1324G>A:p.Gly442Ser:1/1', 'missense_variant:c.925G>A:p.Gly309Ser:1/1', 'missense_variant:c.835G>T:p.Gly279Cys:1/1', 'missense_variant:c.1078G>C:p.Val360Leu:1/1', 'missense_variant:c.1075G>A:p.Ala359Thr:1/1', 'frameshift_variant:c.1121_1122delTC:p.Phe374fs:1|1', 'missense_variant:c.864A>C:p.Leu288Phe:1/1', 'missense_variant:c.253A>G:p.Arg85Gly:1/1']"
101,MKS1,9,"['frameshift_variant:c.232delA:p.Arg78fs:0/1', 'missense_variant:c.167A>G:p.Asn56Ser:1/1', 'stop_gained:c.931G>T:p.Glu311*:0/1', 'frameshift_variant:c.1195delT:p.Ser399fs:0/1', 'missense_variant:c.1111C>T:p.Leu371Phe:1/1', 'disruptive_inframe_deletion:c.587_604delTCACTGGTTTTGATACAA:p.Ile196_Thr201del:1/1', 'missense_variant:c.61C>T:p.Pro21Ser:1/1', 'missense_variant:c.1109T>C:p.Leu370Ser:1/1', 'stop_gained:c.916G>T:p.Glu306*:0/1']"
98,ARO80,9,"['missense_variant:c.2333T>A:p.Met778Lys:1/1', 'missense_variant:c.1154G>A:p.Gly385Asp:1/1', 'missense_variant:c.2704G>A:p.Val902Ile:1/1', 'missense_variant:c.2726T>C:p.Ile909Thr:1/1', 'missense_variant:c.2695C>T:p.Leu899Phe:1/1', 'missense_variant:c.2716A>C:p.Thr906Pro:1/1', 'stop_gained:c.2734C>T:p.Arg912*:1/1', 'missense_variant:c.2717C>A:p.Thr906Lys:1/1', 'missense_variant:c.2249C>A:p.Ala750Glu:1/1']"
0,IRA1,6,"['stop_gained:c.4202T>A:p.Leu1401*:1/1', 'missense_variant:c.3932C>T:p.Ala1311Val:1/1', 'missense_variant:c.3932C>T:p.Ala1311Val:1|1', 'missense_variant:c.4153A>G:p.Asn1385Asp:0/1', 'stop_gained:c.5029G>T:p.Glu1677*:1/1', 'stop_gained:c.4202T>A:p.Leu1401*:0/1']"
71,GPB2,4,"['stop_gained:c.846T>G:p.Tyr282*:1/1', 'stop_gained:c.846T>G:p.Tyr282*:0/1', 'synonymous_variant:c.579T>C:p.Asp193Asp:0/1', 'stop_gained:c.4G>T:p.Glu2*:1/1']"
150,MKT1,4,"['missense_variant:c.89A>T:p.Asp30Val:0/1', 'missense_variant:c.89A>T:p.Asp30Val:1/1', 'missense_variant:c.89A>C:p.Asp30Ala:1/1', 'missense_variant:c.89A>G:p.Asp30Gly:1/1']"
120,MAE1,4,"['missense_variant:c.874G>A:p.Glu292Lys:1/1', 'missense_variant:c.598C>G:p.His200Asp:1/1', 'upstream_gene_variant:c.-2658G>C:nan:1/1', 'missense_variant:c.421G>A:p.Glu141Lys:1/1']"
105,MDH1,4,"['missense_variant:c.85A>G:p.Ile29Val:1/1', 'missense_variant:c.599T>C:p.Ile200Thr:1/1', 'missense_variant:c.83G>A:p.Gly28Asp:1/1', 'missense_variant:c.98T>G:p.Leu33Trp:1/1']"
114,GSH1,4,"['missense_variant:c.905C>A:p.Ala302Asp:1/1', 'missense_variant:c.646G>T:p.Val216Phe:1/1', 'missense_variant:c.363C>A:p.Asn121Lys:1/1', 'missense_variant:c.1219G>A:p.Ala407Thr:1/1']"
4,ATG1,3,"['missense_variant:c.1407G>C:p.Leu469Phe:1/1', 'missense_variant:c.1407G>C:p.Leu469Phe:0|0', 'missense_variant:c.1407G>C:p.Leu469Phe:0/1']"
59,TOR1,3,"['missense_variant:c.5136T>G:p.Phe1712Leu:1/1', 'missense_variant:c.1921A>T:p.Ile641Phe:1/1', 'missense_variant:c.5136T>G:p.Phe1712Leu:0/1']"
124,AIM17,3,"['frameshift_variant:c.1136dupC:p.Ala380fs:1/1', 'missense_variant:c.874G>A:p.Glu292Lys:1/1', 'stop_gained:c.775C>T:p.Gln259*:1/1']"
44,TDA2,3,"['upstream_gene_variant:c.-1198delA:nan:0/1', 'upstream_gene_variant:c.-1199_-1198insA:nan:0/1', 'upstream_gene_variant:c.-1199_-1198insA:nan:1/1']"
149,MIT1,3,"['disruptive_inframe_deletion:c.1083_1085delTAA:p.Asn362del:0/1', 'disruptive_inframe_insertion:c.1083_1085dupTAA:p.Asn362dup:1/1', 'disruptive_inframe_insertion:c.1083_1085dupTAA:p.Asn362dup:0/1']"
118,YNR001W-A,3,"['frameshift_variant:c.102_183delGTATTTTTGGTCTAGCGGGGGTCATACTTTTCATTTCCGGGCGGCTGCGGCGGAAAAAAACGTGACGCCTTTTAGCACAAAA:p.Tyr35fs:0|1', 'frameshift_variant:c.102_183delGTATTTTTGGTCTAGCGGGGGTCATACTTTTCATTTCCGGGCGGCTGCGGCGGAAAAAAACGTGACGCCTTTTAGCACAAAA:p.Tyr35fs:0/1', 'missense_variant:c.89C>T:p.Pro30Leu:1/1']"
67,VPS53,3,"['upstream_gene_variant:c.-2825_-2824insTA:nan:1/1', 'upstream_gene_variant:c.-2825_-2824insTA:nan:0/1', 'upstream_gene_variant:c.-2824_-2823delTA:nan:0/1']"
290,UBR2,3,"['upstream_gene_variant:c.-3463A>T:nan:1/1', 'upstream_gene_variant:c.-3463A>T:nan:0/1', 'upstream_gene_variant:c.-3463A>T:nan:1|1']"
271,ATG26,3,"['frameshift_variant:c.1965delA:p.Phe657fs:1/1', 'conservative_inframe_deletion:c.2935_2937delGAA:p.Glu979del:1/1', 'upstream_gene_variant:c.-2365G>T:nan:1/1']"
115,KGD1,3,"['missense_variant:c.1756T>G:p.Phe586Val:1/1', 'missense_variant:c.1097C>T:p.Ala366Val:0/1', 'missense_variant:c.381G>T:p.Leu127Phe:1/1']"
89,IRA2,3,"['stop_gained:c.3020C>A:p.Ser1007*:0/1', 'stop_gained:c.8306C>A:p.Ser2769*:0/1', 'stop_gained:c.2583T>G:p.Tyr861*:0/1']"
17,YPK9,3,"['synonymous_variant:c.312G>T:p.Ser104Ser:1/1', 'missense_variant:c.2350G>A:p.Gly784Arg:1/1', 'missense_variant:c.1903T>G:p.Phe635Val:1/1']"
33,PLB3,3,"['upstream_gene_variant:c.-4043G>A:nan:0/1', 'upstream_gene_variant:c.-4045_-4044insTG:nan:1/1', 'upstream_gene_variant:c.-4045_-4044insTG:nan:0|0']"
293,ACT1,2,"['upstream_gene_variant:c.-3369G>T:nan:1/1', 'upstream_gene_variant:c.-3369G>T:nan:0/1']"
56,CDC39,2,"['missense_variant:c.2200C>G:p.Gln734Glu:0/1', 'synonymous_variant:c.1731T>G:p.Gly577Gly:1/1']"
57,YGR235C,2,"['missense_variant:c.103A>C:p.Asn35His:1/1', 'missense_variant:c.103A>C:p.Asn35His:0/1']"
157,DDR2,2,"['upstream_gene_variant:c.-52_-51insT:nan:0/1', 'upstream_gene_variant:c.-52_-51insT:nan:1/1']"
6,RPL6B,2,"['synonymous_variant:c.261C>A:p.Thr87Thr:1/1', 'synonymous_variant:c.261C>A:p.Thr87Thr:0/1']"
58,tF(GAA)H2,2,"['upstream_gene_variant:c.-3506G>T:nan:1/1', 'upstream_gene_variant:c.-3506G>T:nan:0/1']"
102,MDH2,2,"['upstream_gene_variant:c.-4361delA:nan:1/1', 'upstream_gene_variant:c.-4361delA:nan:0/1']"
60,KDX1,2,"['frameshift_variant:c.477_480delACTT:p.Val161fs:0/1', 'synonymous_variant:c.156T>G:p.Ala52Ala:0/1']"
61,MRPL10,2,"['missense_variant:c.134T>C:p.Phe45Ser:1/1', 'missense_variant:c.134T>C:p.Phe45Ser:0/1']"
160,YIL177W-A,2,"['upstream_gene_variant:c.-805_-804insA:nan:0|0', 'upstream_gene_variant:c.-805_-804insA:nan:0/1']"
2,YFL021C-A,2,"['upstream_gene_variant:c.-4512A>T:nan:1/1', 'upstream_gene_variant:c.-4512A>T:nan:0/1']"
65,TCM62,2,"['upstream_gene_variant:c.-4122C>T:nan:0/1', 'missense_variant:c.424C>T:p.Pro142Ser:0/1']"
162,SPP2,2,"['missense_variant:c.518C>A:p.Thr173Lys:1/1', 'missense_variant:c.518C>A:p.Thr173Lys:0/1']"
289,YHR028W-A,2,"['missense_variant:c.217T>G:p.Ser73Ala:0|1', 'missense_variant:c.217T>G:p.Ser73Ala:1|1']"
181,MTH1,2,"['missense_variant:c.218C>A:p.Ala73Asp:1/1', 'missense_variant:c.254T>G:p.Ile85Ser:1/1']"
80,MED8,2,"['upstream_gene_variant:c.-746T>A:nan:1/1', 'upstream_gene_variant:c.-746T>A:nan:0/1']"
86,ARR3,2,"['missense_variant:c.830T>G:p.Ile277Ser:1/1', 'missense_variant:c.830T>G:p.Ile277Ser:0/1']"
45,TFA1,2,"['disruptive_inframe_insertion:c.1419_1421dupTGA:p.Asp473dup:0/1', 'disruptive_inframe_deletion:c.1419_1421delTGA:p.Asp473del:0/1']"
7,KEX2,2,"['missense_variant:c.2312G>A:p.Ser771Asn:1/1', 'missense_variant:c.2312G>A:p.Ser771Asn:0/1']"
113,NTG1,2,"['missense_variant:c.445G>T:p.Gly149Trp:0/1', 'stop_gained:c.1036G>T:p.Glu346*:0/1']"
325,RPO21,2,"['missense_variant:c.547G>T:p.Gly183Cys:1/1', 'upstream_gene_variant:c.-2033T>C:nan:1/1']"
133,RIF2,2,"['missense_variant:c.1127A>G:p.Tyr376Cys:0/1', 'missense_variant:c.703G>C:p.Val235Leu:0/1']"
21,SSK2,2,"['missense_variant:c.563A>C:p.Asn188Thr:0/1', 'stop_gained:c.569C>A:p.Ser190*:1/1']"
22,PBY1,2,"['stop_gained:c.782C>G:p.Ser261*:0/1', 'missense_variant:c.1120G>C:p.Gly374Arg:0/1']"
127,CYT2,2,"['upstream_gene_variant:c.-1014A>G:nan:1/1', 'upstream_gene_variant:c.-1017C>G:nan:1/1']"
304,SIN4,2,"['missense_variant:c.212C>T:p.Ser71Leu:1/1', 'missense_variant:c.950A>G:p.Asn317Ser:1/1']"
122,PAN2,2,"['start_lost:c.3G>C:p.Met1?:1/1', 'missense_variant:c.2422T>G:p.Tyr808Asp:1/1']"
147,UBP7,2,"['missense_variant:c.1150G>A:p.Glu384Lys:0/1', 'missense_variant:c.1150G>A:p.Glu384Lys:1/1']"
245,ASE1,2,"['upstream_gene_variant:c.-566T>C:nan:1/1', 'missense_variant:c.980G>A:p.Arg327Lys:0/1']"
25,YGR283C,2,"['upstream_gene_variant:c.-3693_-3692insAT:nan:0/1', 'upstream_gene_variant:c.-3692_-3691delAT:nan:0/1']"
84,CYR1,2,"['missense_variant:c.2750C>A:p.Ser917Tyr:1/1', 'missense_variant:c.2750C>A:p.Ser917Tyr:0/1']"
42,NUM1,2,"['synonymous_variant:c.4764A>G:p.Ser1588Ser:0/1', 'missense_variant:c.4296G>A:p.Met1432Ile:1/1']"
310,NUT1,1,['synonymous_variant:c.1446T>G:p.Arg482Arg:1/1']
282,SUP19,1,['stop_gained:c.18G>A:p.Trp6*:1/1']
283,FPK1,1,['synonymous_variant:c.510C>T:p.His170His:1/1']
298,PAU8,1,['synonymous_variant:c.180A>G:p.Glu60Glu:0|1']
309,ULA1,1,['missense_variant:c.1107A>C:p.Lys369Asn:1/1']
284,PBA1,1,['stop_gained:c.17G>A:p.Trp6*:1/1']
285,ARH1,1,['synonymous_variant:c.606C>T:p.Ile202Ile:1/1']
308,OXP1,1,['missense_variant:c.25G>A:p.Ala9Thr:1/1']
286,SGT1,1,['missense_variant:c.1130T>G:p.Val377Gly:1/1']
287,BRR2,1,['missense_variant:c.3443A>G:p.Gln1148Arg:1/1']
288,TAN1,1,['missense_variant:c.503G>T:p.Cys168Phe:0/1']
307,PUS1,1,['upstream_gene_variant:c.-3173T>G:nan:0|1']
404,YBL036C,1,['upstream_gene_variant:c.-2462A>C:nan:1/1']
294,GLG2,1,['stop_gained:c.418C>T:p.Gln140*:1/1']
291,RAD3,1,['missense_variant:c.2216G>T:p.Trp739Leu:1/1']
292,SPC97,1,['missense_variant:c.1268A>T:p.Gln423Leu:0/1']
306,YHM2,1,['missense_variant:c.262G>C:p.Gly88Arg:0/1']
305,TCB3,1,['missense_variant:c.541G>T:p.Ala181Ser:0/1']
299,ATP12,1,['missense_variant:c.484G>A:p.Asp162Asn:0/1']
297,DNF3,1,['missense_variant:c.4003T>C:p.Cys1335Arg:1/1']
296,SIR4,1,['stop_gained:c.1625C>G:p.Ser542*:1/1']
303,ERG13,1,['upstream_gene_variant:c.-2942_-2941insT:nan:1/1']
302,MHP1,1,['frameshift_variant:c.1170delA:p.Val391fs:1/1']
295,IMD4,1,['upstream_gene_variant:c.-3435A>G:nan:1/1']
300,ATE1,1,['missense_variant:c.359T>A:p.Phe120Tyr:1/1']
301,EEB1,1,['stop_gained:c.691G>T:p.Glu231*:1/1']
281,YOR059C,1,['upstream_gene_variant:c.-1200A>C:nan:1/1']
273,SAW1,1,['synonymous_variant:c.663A>G:p.Lys221Lys:1/1']
280,SOK2,1,['upstream_gene_variant:c.-4169T>A:nan:1/1']
241,PHO8,1,['missense_variant:c.1379C>A:p.Ala460Glu:1/1']
252,SPT6,1,['upstream_gene_variant:c.-427T>C:nan:0/1']
251,RPC40,1,['upstream_gene_variant:c.-2232G>A:nan:1/1']
250,KAP120,1,['missense_variant:c.532C>A:p.Gln178Lys:1/1']
249,GIM3,1,['missense_variant:c.146T>A:p.Leu49His:1/1']
248,PMD1,1,['upstream_gene_variant:c.-1051C>G:nan:1/1']
247,FAS2,1,['missense_variant:c.5088G>T:p.Lys1696Asn:1/1']
246,SQS1,1,['upstream_gene_variant:c.-2707G>A:nan:1/1']
244,COS5,1,['upstream_gene_variant:c.-1343A>G:nan:1/1']
243,SEO1,1,['upstream_gene_variant:c.-644C>G:nan:1/1']
242,BXI1,1,['upstream_gene_variant:c.-4987C>T:nan:1/1']
240,MCP1,1,['upstream_gene_variant:c.-2699C>T:nan:1/1']
279,KEL1,1,['missense_variant:c.2372A>T:p.Lys791Ile:1/1']
239,BSC4,1,['missense_variant:c.57G>C:p.Lys19Asn:1/1']
238,COY1,1,['missense_variant:c.897G>T:p.Gln299His:1/1']
237,PUT2,1,['synonymous_variant:c.240G>A:p.Pro80Pro:1/1']
236,FMP30,1,['upstream_gene_variant:c.-4666C>G:nan:1/1']
235,MUB1,1,['missense_variant:c.185C>T:p.Ala62Val:1/1']
234,SSH4,1,['missense_variant:c.839T>A:p.Ile280Lys:1/1']
233,RAV1,1,['missense_variant:c.1840T>A:p.Cys614Ser:1/1']
232,RCY1,1,['upstream_gene_variant:c.-3237G>A:nan:1/1']
231,SPB1,1,['missense_variant:c.666G>T:p.Leu222Phe:1/1']
230,MMS4,1,['synonymous_variant:c.342C>T:p.Asn114Asn:1/1']
253,SGS1,1,['upstream_gene_variant:c.-4431C>T:nan:0/1']
254,TIM44,1,['synonymous_variant:c.1149C>T:p.Gly383Gly:1/1']
255,SPO71,1,['missense_variant:c.305C>T:p.Thr102Ile:1/1']
256,UBP5,1,['missense_variant:c.1621T>A:p.Ser541Thr:1/1']
278,SLS1,1,['upstream_gene_variant:c.-3828T>C:nan:1/1']
277,YGR240C-A,1,['missense_variant:c.159A>G:p.Ile53Met:1/1']
276,RAX1,1,['synonymous_variant:c.243C>A:p.Ile81Ile:1/1']
275,YER066C-A,1,['missense_variant:c.257A>C:p.Glu86Ala:1/1']
274,RPS2,1,['missense_variant:c.203T>C:p.Ile68Thr:1/1']
312,CCR4,1,['missense_variant:c.1856G>T:p.Ser619Ile:1/1']
272,VHS3,1,['missense_variant:c.1668G>A:p.Met556Ile:1/1']
270,YDL206W,1,['missense_variant:c.449C>T:p.Ser150Leu:1/1']
269,MRD1,1,['upstream_gene_variant:c.-2460_-2459insC:nan:1/1']
268,YCL002C,1,['upstream_gene_variant:c.-2477C>A:nan:1/1']
267,YDL016C,1,['upstream_gene_variant:c.-2929T>G:nan:1/1']
266,SEF1,1,['missense_variant:c.3173C>T:p.Pro1058Leu:1/1']
265,RKR1,1,['upstream_gene_variant:c.-1957A>G:nan:1/1']
264,RPS27B,1,['upstream_gene_variant:c.-2899G>A:nan:1/1']
263,DUG3,1,['missense_variant:c.526G>A:p.Asp176Asn:1/1']
262,YGL072C,1,['upstream_gene_variant:c.-3067A>G:nan:1/1']
261,YPF1,1,['upstream_gene_variant:c.-2827G>A:nan:1/1']
260,FCY22,1,['upstream_gene_variant:c.-54G>T:nan:1/1']
259,MND2,1,['missense_variant:c.85A>T:p.Asn29Tyr:1/1']
258,LAM4,1,['upstream_gene_variant:c.-4912C>G:nan:1/1']
257,YJL211C,1,['missense_variant:c.65C>A:p.Ala22Glu:1/1']
311,DBP3,1,['synonymous_variant:c.1341C>A:p.Ile447Ile:1/1']
398,LAM1,1,['synonymous_variant:c.2475C>T:p.Arg825Arg:1/1']
313,NSR1,1,['disruptive_inframe_deletion:c.255_338delCAAGGATTCCTCTTCCTCTTCCTCTGACTCTTCTTCCGACGAAGAAGAAGAAGAAGAAAAAGAAGAAACCAAGAAGGAAGAATC:p.Lys86_Ser113del:1/1']
375,YGR039W,1,['upstream_gene_variant:c.-531T>C:nan:1/1']
373,HER1,1,['missense_variant:c.992G>A:p.Arg331Lys:1/1']
372,POL2,1,['missense_variant:c.2903G>A:p.Arg968Lys:1/1']
371,PMT4,1,['missense_variant:c.1957C>T:p.Pro653Ser:1/1']
370,AXL2,1,['missense_variant:c.1943A>G:p.Gln648Arg:1/1']
369,YME2,1,['missense_variant:c.1883G>T:p.Ser628Ile:1/1']
368,RQC1,1,['missense_variant:c.1238A>G:p.Asn413Ser:1/1']
367,SFM1,1,['missense_variant:c.524C>A:p.Ala175Asp:0/1']
366,KRI1,1,['upstream_gene_variant:c.-2972G>C:nan:0/1']
365,ILM1,1,['upstream_gene_variant:c.-3405A>G:nan:0/1']
364,HOC1,1,['missense_variant:c.809C>A:p.Ala270Glu:0/1']
363,TDH2,1,['missense_variant:c.651G>T:p.Lys217Asn:0/1']
362,DSN1,1,['disruptive_inframe_insertion:c.396_407dupAAATGCGACTGC:p.Ala136_Asn137insAsnAlaThrAla:0/1']
361,ENP1,1,['synonymous_variant:c.987G>A:p.Gly329Gly:1/1']
360,DFR1,1,['missense_variant:c.448G>A:p.Ala150Thr:1/1']
359,RPL20A,1,['upstream_gene_variant:c.-3221_-3220insAAGAATAAGAAA:nan:1/1']
358,HIP1,1,['missense_variant:c.1392G>C:p.Trp464Cys:1/1']
357,YPT1,1,['missense_variant:c.464C>T:p.Ser155Phe:1/1']
399,VPS73,1,['missense_variant:c.640A>G:p.Ser214Gly:0/1']
356,RPO31,1,['upstream_gene_variant:c.-2409G>C:nan:1/1']
374,SLM5,1,['missense_variant:c.1304G>A:p.Gly435Glu:1/1']
376,YBR134W,1,['missense_variant:c.169G>A:p.Gly57Arg:1/1']
354,ENV10,1,['upstream_gene_variant:c.-4006G>C:nan:0/1']
377,SWI5,1,['upstream_gene_variant:c.-2519G>C:nan:1/1']
396,EHD3,1,['synonymous_variant:c.102C>T:p.Thr34Thr:1/1']
395,RPS16B,1,['upstream_gene_variant:c.-657T>A:nan:1/1']
394,tF(GAA)F,1,['missense_variant:c.59T>C:p.Ile20Thr:1/1']
393,UTP15,1,['missense_variant:c.270G>T:p.Arg90Ser:1/1']
392,CPA2,1,['synonymous_variant:c.1350C>T:p.Ala450Ala:1/1']
391,YJL202C,1,['upstream_gene_variant:c.-4801A>G:nan:1/1']
390,TRL1,1,['synonymous_variant:c.1344C>T:p.Ile448Ile:0/1']
389,VCX1,1,['upstream_gene_variant:c.-355T>A:nan:0/1']
388,ANR2,1,['missense_variant:c.770C>G:p.Ala257Gly:1/1']
387,MED6,1,['missense_variant:c.357C>G:p.Ser119Arg:1/1']
386,YLL058W,1,['missense_variant:c.398A>C:p.Glu133Ala:1/1']
385,YHR214C-B,1,['upstream_gene_variant:n.-4713T>G:nan:1/1']
384,ABD1,1,['upstream_gene_variant:c.-32G>A:nan:1/1']
383,RPN2,1,['synonymous_variant:c.96G>A:p.Val32Val:1/1']
382,ECM21,1,['synonymous_variant:c.2685C>A:p.Gly895Gly:1/1']
381,ZRG8,1,['synonymous_variant:c.1707T>A:p.Thr569Thr:1/1']
380,FSH2,1,['synonymous_variant:c.327T>C:p.Phe109Phe:1/1']
379,PET8,1,['upstream_gene_variant:c.-2894G>T:nan:1/1']
378,MDN1,1,['upstream_gene_variant:c.-4705T>C:nan:1/1']
355,FMP27,1,['missense_variant:c.3637T>C:p.Trp1213Arg:0/1']
353,PEX8,1,['missense_variant:c.323T>G:p.Leu108Arg:0/1']
314,NUP100,1,['missense_variant:c.1168C>A:p.Gln390Lys:1/1']
332,EMG1,1,['missense_variant:c.205A>G:p.Asn69Asp:0/1']
403,GPI13,1,['missense_variant:c.547A>G:p.Lys183Glu:1/1']
331,RTP1,1,['frameshift_variant:c.1831delG:p.Val611fs:0/1']
330,DIM1,1,['missense_variant:c.272C>T:p.Ala91Val:0/1']
329,MSC7,1,['stop_gained:c.1378C>T:p.Gln460*:0/1']
328,SLH1,1,['missense_variant:c.38T>A:p.Phe13Tyr:0/1']
327,CDC55,1,['upstream_gene_variant:c.-3578G>A:nan:0/1']
228,UBA1,1,['missense_variant:c.910G>A:p.Val304Ile:1/1']
326,GCN1,1,['missense_variant:c.187G>T:p.Asp63Tyr:1/1']
324,RPT1,1,['synonymous_variant:c.63T>C:p.Pro21Pro:1/1']
397,IMG2,1,['missense_variant:c.328C>A:p.Gln110Lys:1/1']
323,RSC3,1,['missense_variant:c.966T>G:p.Asn322Lys:1/1']
322,OPY2,1,['missense_variant:c.35C>T:p.Ser12Phe:0/1']
321,YGK3,1,['upstream_gene_variant:c.-1075A>G:nan:0/1']
320,PBN1,1,['upstream_gene_variant:c.-4065T>C:nan:1/1']
319,HXT3,1,['missense_variant:c.629C>T:p.Thr210Ile:1/1']
318,VHT1,1,['stop_gained:c.705C>G:p.Tyr235*:0/1']
317,SMA2,1,['upstream_gene_variant:c.-4569G>A:nan:0/1']
316,YRO2,1,['synonymous_variant:c.33T>A:p.Gly11Gly:0/1']
315,TDA1,1,['synonymous_variant:c.501T>C:p.Val167Val:1/1']
402,POL32,1,['upstream_gene_variant:c.-2041T>A:nan:1|1']
401,YIL166C,1,['missense_variant:c.1378G>A:p.Val460Ile:1/1']
352,TFB3,1,['synonymous_variant:c.396A>G:p.Lys132Lys:0/1']
333,YEL025C,1,['upstream_gene_variant:c.-2181delA:nan:1|1']
351,YAT2,1,['missense_variant:c.884A>G:p.Glu295Gly:0/1']
350,DOP1,1,['upstream_gene_variant:c.-300A>G:nan:0/1']
349,YCL076W,1,['downstream_gene_variant:c.*1814C>A:nan:0/1']
348,DSE4,1,['missense_variant:c.2486C>G:p.Thr829Arg:1/1']
347,COG4,1,['missense_variant:c.1225C>G:p.Pro409Ala:1/1']
346,NIS1,1,['missense_variant:c.694C>T:p.Pro232Ser:1/1']
345,RGA1,1,['synonymous_variant:c.2610G>C:p.Val870Val:0/1']
344,NUP133,1,['frameshift_variant:c.2714dupA:p.Asn905fs:0/1']
343,ARN1,1,['missense_variant:c.1699A>C:p.Ile567Leu:0/1']
342,UFD2,1,['missense_variant:c.580T>C:p.Phe194Leu:0/1']
341,PPH3,1,['missense_variant:c.184C>T:p.Leu62Phe:1/1']
340,tI(AAU)L1,1,['stop_retained_variant:c.36A>G:p.Ter12Ter:0/1']
339,IMD1,1,['synonymous_variant:c.1065T>C:p.Cys355Cys:0/1']
338,UBP3,1,['missense_variant:c.2402A>T:p.Asn801Ile:1/1']
337,HRR25,1,['synonymous_variant:c.1203G>A:p.Gln401Gln:1|1']
336,ERB1,1,['upstream_gene_variant:c.-1483A>C:nan:1/1']
335,FPR3,1,['synonymous_variant:c.303A>G:p.Glu101Glu:1/1']
400,RPL26A,1,['missense_variant:c.38G>A:p.Arg13Lys:1/1']
334,CHO2,1,['synonymous_variant:c.2382G>T:p.Leu794Leu:1/1']
229,ARO7,1,['missense_variant:c.286C>G:p.Pro96Ala:1/1']
203,YLL066C,1,['upstream_gene_variant:c.-1670A>G:nan:1/1']
227,PAA1,1,['missense_variant:c.157G>A:p.Glu53Lys:1/1']
129,VIK1,1,['synonymous_variant:c.240C>T:p.Asp80Asp:1/1']
90,AAD3,1,['stop_gained:c.104C>A:p.Ser35*:0/1']
88,tF(GAA)D,1,['missense_variant:c.32C>A:p.Thr11Asn:1/1']
87,PRM8,1,['stop_gained:c.373G>T:p.Glu125*:0/1']
85,PCL1,1,['missense_variant:c.97C>A:p.Pro33Thr:0/1']
83,UBP12,1,['stop_gained:c.1355C>A:p.Ser452*:0/1']
82,COP1,1,['missense_variant:c.793C>G:p.Gln265Glu:0/1']
81,LDH1,1,['missense_variant:c.1049C>G:p.Ser350Cys:1/1']
79,YHK8,1,['missense_variant:c.1267G>C:p.Gly423Arg:0/1']
78,tG(GCC)P2,1,['frameshift_variant:c.44delG:p.Gly15fs:0/1']
77,YFL040W,1,['missense_variant:c.904T>A:p.Cys302Ser:1/1']
76,SNF11,1,['conservative_inframe_deletion:c.130_153delAATGCAACTGCAAATGCAACTGCA:p.Asn44_Ala51del:0|1']
75,TRK2,1,['missense_variant:c.2227A>G:p.Arg743Gly:0/1']
74,ARL1,1,['missense_variant:c.130G>A:p.Val44Ile:0/1']
73,DAL7,1,['synonymous_variant:c.894G>A:p.Leu298Leu:0/1']
72,PAL1,1,['missense_variant:c.1291G>A:p.Val431Ile:1/1']
70,YOR292C,1,['synonymous_variant:c.474G>A:p.Thr158Thr:0/1']
69,RPS16A,1,['missense_variant:c.59C>G:p.Ala20Gly:1/1']
68,AVT5,1,['synonymous_variant:c.414A>T:p.Ile138Ile:0/1']
66,RAD54,1,['missense_variant:c.1997A>C:p.Lys666Thr:0/1']
91,UBC8,1,['missense_variant:c.140G>C:p.Gly47Ala:0/1']
92,YJR011C,1,['upstream_gene_variant:c.-4930_-4929insTA:nan:0/1']
93,ADE6,1,['missense_variant:c.130T>C:p.Tyr44His:0/1']
111,RIM15,1,['missense_variant:c.1060A>G:p.Asn354Asp:1/1']
126,ABZ2,1,['missense_variant:c.274C>A:p.His92Asn:0/1']
125,TES1,1,['missense_variant:c.893G>C:p.Trp298Ser:1/1']
123,YBR284W,1,['missense_variant:c.1755T>G:p.Asn585Lys:1/1']
121,PRO3,1,['missense_variant:c.660G>T:p.Met220Ile:1/1']
119,EPS1,1,['missense_variant:c.1195T>G:p.Phe399Val:0/1']
117,HEL1,1,['upstream_gene_variant:c.-340_-339insT:nan:1/1']
116,SRP102,1,['missense_variant:c.605C>A:p.Thr202Lys:0/1']
112,SHQ1,1,['synonymous_variant:c.477C>A:p.Ser159Ser:1/1']
108,SEC39,1,['missense_variant:c.327C>A:p.Ser109Arg:1/1']
94,tC(GCA)P1,1,['upstream_gene_variant:c.-500C>A:nan:0/1']
107,DEG1,1,['upstream_gene_variant:c.-3259_-3249delGTATACATATT:nan:0|1']
106,YER010C,1,['upstream_gene_variant:c.-3970G>T:nan:1/1']
103,ISM1,1,['missense_variant:c.2275C>A:p.Gln759Lys:0/1']
100,RRB1,1,['upstream_gene_variant:c.-2962T>G:nan:0/1']
99,RCO1,1,['missense_variant:c.283A>C:p.Lys95Gln:0/1']
97,PBI1,1,['synonymous_variant:c.168C>G:p.Ser56Ser:0/1']
96,DBP6,1,['missense_variant:c.584C>A:p.Thr195Lys:0/1']
95,SDD4,1,['disruptive_inframe_deletion:c.545_598delTTCAATTCCCGCAGCAACTGCGGGCACCATTGCAACAACCTATGTTGCAGCAAC:p.Leu182_Gln199del:0/1']
64,UTP20,1,['synonymous_variant:c.4215C>T:p.Gly1405Gly:0/1']
63,COG6,1,['upstream_gene_variant:c.-1392G>C:nan:1/1']
62,KRE29,1,['missense_variant:c.730C>G:p.Pro244Ala:1/1']
16,SAP190,1,['synonymous_variant:c.1701A>G:p.Leu567Leu:1/1']
28,TRM1,1,['upstream_gene_variant:c.-5046_-4941del:nan:0/1']
27,YKL050C,1,['upstream_gene_variant:c.-1454G>A:nan:1/1']
26,FBA1,1,['synonymous_variant:c.312A>T:p.Pro104Pro:0/1']
24,YGR266W,1,['missense_variant:c.703C>A:p.Gln235Lys:1/1']
23,ENO1,1,['missense_variant:c.767A>G:p.Asp256Gly:0|1']
20,YLR419W,1,['stop_gained:c.2837C>A:p.Ser946*:0/1']
19,MSB2,1,['disruptive_inframe_deletion:c.2265_2315delAGTTTCTTATACAACTTCAAGTTCATCTGTTTCTCAAGTTTCAGACACACC:p.Val756_Pro772del:0/1']
18,RLP7,1,['missense_variant:c.634G>A:p.Gly212Ser:1/1']
15,SWS2,1,['missense_variant:c.416G>T:p.Cys139Phe:1/1']
30,NEW1,1,['missense_variant:c.3447C>G:p.Asn1149Lys:0/1']
14,SFH1,1,['missense_variant:c.506C>A:p.Pro169His:1/1']
13,RAS1,1,['missense_variant:c.49G>A:p.Gly17Ser:1/1']
12,CDC24,1,['missense_variant:c.82C>G:p.Pro28Ala:1/1']
11,ALG12,1,['missense_variant:c.1367T>G:p.Phe456Cys:1/1']
10,RBH2,1,['stop_gained:c.2221C>T:p.Gln741*:1/1']
9,tV(AAC)E2,1,['missense_variant:c.47G>T:p.Arg16Leu:1/1']
8,SPE3,1,['upstream_gene_variant:c.-4230_-4229insT:nan:1/1']
3,PTR3,1,['missense_variant:c.642C>A:p.Asn214Lys:1/1']
29,SIN3,1,['stop_gained:c.3465T>G:p.Tyr1155*:0/1']
31,STE13,1,['conservative_inframe_deletion:c.760_765delATATTT:p.Ile254_Phe255del:1/1']
55,RPL33B,1,['upstream_gene_variant:c.-242A>G:nan:0/1']
46,GCD10,1,['missense_variant:c.432T>G:p.Ile144Met:1/1']
54,RSC2,1,['synonymous_variant:c.558C>A:p.Val186Val:1/1']
53,AAP1,1,['upstream_gene_variant:c.-2108C>A:nan:0/1']
52,RPO41,1,['missense_variant:c.1354G>T:p.Val452Phe:0/1']
51,NOP12,1,['missense_variant:c.355G>C:p.Val119Leu:0/1']
50,YNR040W,1,['missense_variant:c.686A>G:p.Gln229Arg:0/1']
49,WAR1,1,['upstream_gene_variant:c.-3626A>G:nan:0/1']
48,YET1,1,['upstream_gene_variant:c.-4728_-4709delCGGGATAGCAAGCTGTGCAG:nan:0/1']
47,RPT4,1,['upstream_gene_variant:c.-4939A>C:nan:1/1']
43,KSS1,1,['missense_variant:c.529A>C:p.Thr177Pro:0/1']
32,PPH21,1,['missense_variant:c.745G>A:p.Val249Met:0/1']
41,ACK1,1,['stop_gained:c.914C>A:p.Ser305*:0/1']
40,CHA4,1,['upstream_gene_variant:c.-4452C>T:nan:0/1']
39,MYO3,1,['upstream_gene_variant:c.-2778C>T:nan:0/1']
38,RPP1B,1,['start_lost:c.3G>T:p.Met1?:0/1']
37,HES1,1,['synonymous_variant:c.480T>G:p.Ser160Ser:0/1']
36,YNL034W,1,['synonymous_variant:c.1674A>G:p.Leu558Leu:0/1']
35,YNL035C,1,['upstream_gene_variant:c.-312G>T:nan:0/1']
34,MCP2,1,['missense_variant:c.614C>A:p.Ser205Tyr:0/1']
128,FUM1,1,['missense_variant:c.934T>A:p.Ser312Thr:1/1']
130,PFK1,1,['upstream_gene_variant:c.-3199G>A:nan:1/1']
226,RPH1,1,['synonymous_variant:c.349A>C:p.Arg117Arg:1/1']
131,DBP7,1,['missense_variant:c.869C>A:p.Thr290Lys:0/1']
1,MCM7,1,['missense_variant:c.1696G>T:p.Ala566Ser:1/1']
202,SEN1,1,['missense_variant:c.4099A>G:p.Ile1367Val:1/1']
201,FKH1,1,['missense_variant:c.161G>A:p.Arg54Lys:1/1']
200,VTC4,1,['upstream_gene_variant:c.-2922C>G:nan:1/1']
199,GUT2,1,['upstream_gene_variant:c.-137G>A:nan:1/1']
198,YPT10,1,['synonymous_variant:c.300T>C:p.Cys100Cys:1/1']
197,CUE1,1,['missense_variant:c.383A>G:p.Asp128Gly:1/1']
196,SEC66,1,['missense_variant:c.520C>G:p.Gln174Glu:1/1']
195,MET28,1,['upstream_gene_variant:c.-4457T>C:nan:0|1']
194,nan,1,['nan:nan:nan:1/1']
193,PEP1,1,['missense_variant:c.4152A>T:p.Glu1384Asp:1|1']
192,tN(GUU)K,1,['stop_gained:c.41C>A:p.Ser14*:1/1']
191,ROM2,1,['synonymous_variant:c.606T>G:p.Leu202Leu:1/1']
190,OCA5,1,['missense_variant:c.1417G>A:p.Glu473Lys:1/1']
189,TIF2,1,['missense_variant:c.290C>A:p.Ala97Asp:1/1']
188,tD(GUC)D,1,['missense_variant:c.64G>T:p.Val22Phe:1|1']
187,PUF2,1,['conservative_inframe_insertion:c.3161_3181dupGTAATAATAGTAATAATAATA:p.Ser1054_Asn1060dup:1/1']
186,DPS1,1,['upstream_gene_variant:c.-3805A>G:nan:1/1']
185,RBG2,1,['synonymous_variant:c.615C>A:p.Ile205Ile:1/1']
204,MHT1,1,['upstream_gene_variant:c.-3462A>G:nan:1/1']
205,ILS1,1,['missense_variant:c.959C>A:p.Thr320Asn:1/1']
206,NPA3,1,['missense_variant:c.991G>A:p.Gly331Ser:1/1']
217,TMN3,1,['missense_variant:c.1858T>C:p.Phe620Leu:1/1']
225,YDR210W-A,1,['downstream_gene_variant:n.*4944A>G:nan:1|1']
224,YJL032W,1,['missense_variant:c.55T>C:p.Phe19Leu:1/1']
223,YCR049C,1,['synonymous_variant:c.279C>A:p.Gly93Gly:1/1']
222,DOA4,1,['upstream_gene_variant:c.-3724T>C:nan:1/1']
221,DUG2,1,['missense_variant:c.2172G>C:p.Leu724Phe:1/1']
220,NPR1,1,['upstream_gene_variant:c.-2505C>T:nan:1/1']
219,PSP1,1,['upstream_gene_variant:c.-2563T>A:nan:1/1']
218,RAD50,1,['synonymous_variant:c.3306T>C:p.Asp1102Asp:1/1']
216,YDR320W-B,1,['frameshift_variant:c.101delT:p.Val34fs:1|1']
207,SPC72,1,['missense_variant:c.434A>T:p.Glu145Val:1/1']
215,MYO2,1,['synonymous_variant:c.2673T>C:p.Val891Val:1/1']
214,ERG28,1,['synonymous_variant:c.270C>T:p.His90His:1/1']
213,ATG27,1,['missense_variant:c.229C>G:p.Leu77Val:1/1']
212,YDL228C,1,['upstream_gene_variant:c.-3117G>A:nan:1/1']
211,MTR3,1,['upstream_gene_variant:c.-3657T>G:nan:1/1']
210,MCM5,1,['synonymous_variant:c.81C>A:p.Ile27Ile:0/1']
209,LYS14,1,['upstream_gene_variant:c.-1672C>G:nan:1/1']
208,IST2,1,['missense_variant:c.758C>A:p.Ser253Tyr:1/1']
184,ISW1,1,['upstream_gene_variant:c.-1268_-1245delCCTATATATTAGCCTATATATTAG:nan:1/1']
183,NUP192,1,['upstream_gene_variant:c.-2490A>G:nan:1|1']
182,SRB5,1,['upstream_gene_variant:c.-2573_-2572insT:nan:1/1']
142,YDR261W-A,1,['downstream_gene_variant:n.*3463A>G:nan:0|1']
153,LYS21,1,['missense_variant:c.1075G>T:p.Ala359Ser:1/1']
152,MSH3,1,['missense_variant:c.1312G>T:p.Gly438Cys:1/1']
151,SEC63,1,['missense_variant:c.1117C>A:p.Gln373Lys:0/1']
148,YEF3,1,['conservative_inframe_deletion:c.3037_3039delAAG:p.Lys1013del:0/1']
146,PAN3,1,['frameshift_variant:c.1484delA:p.Asn495fs:1|1']
145,GEX1,1,['upstream_gene_variant:c.-577G>T:nan:1/1']
144,YOL099C,1,['upstream_gene_variant:c.-3983G>C:nan:1/1']
143,YLR342W-A,1,['frameshift_variant:c.104delA:p.Asn35fs:1/1']
141,ALG9,1,['synonymous_variant:c.36G>T:p.Leu12Leu:1/1']
155,SAS4,1,['upstream_gene_variant:c.-4542_-4529delGCATTTTTTCTCAA:nan:0/1']
140,GIS2,1,['upstream_gene_variant:c.-3640delA:nan:1/1']
139,DGR2,1,['missense_variant:c.1553G>A:p.Cys518Tyr:1/1']
138,PES4,1,['missense_variant:c.106T>C:p.Ser36Pro:1/1']
137,MTR10,1,['missense_variant:c.2330C>A:p.Ala777Glu:1/1']
136,SHR5,1,['missense_variant:c.40A>G:p.Thr14Ala:0/1']
135,BEM2,1,['missense_variant:c.6064G>T:p.Gly2022Cys:1/1']
134,DFG5,1,['missense_variant:c.1278C>A:p.Asn426Lys:0/1']
132,DIP2,1,['missense_variant:c.1462T>G:p.Leu488Val:0/1']
154,YLR278C,1,['missense_variant:c.1934A>T:p.His645Leu:1/1']
156,YKU80,1,['frameshift_variant:c.4dupT:p.Ser2fs:1/1']
180,CCH1,1,['missense_variant:c.2116A>C:p.Asn706His:1/1']
171,PKH3,1,['missense_variant:c.1890A>C:p.Leu630Phe:1/1']
179,PIN4,1,['missense_variant:c.230C>T:p.Ala77Val:1/1']
178,HMG2,1,['synonymous_variant:c.678C>T:p.Asn226Asn:1/1']
177,IKI3,1,['missense_variant:c.491G>C:p.Arg164Pro:1/1']
176,ACO2,1,['missense_variant:c.2344A>G:p.Ile782Val:1/1']
175,YDR034C-D,1,['upstream_gene_variant:n.-52G>C:nan:0/1']
174,SLP1,1,['missense_variant:c.1078G>A:p.Glu360Lys:0/1']
173,RPI1,1,['upstream_gene_variant:c.-1714T>C:nan:0/1']
172,VPS8,1,['missense_variant:c.2976G>C:p.Trp992Cys:1/1']
170,RRP6,1,['synonymous_variant:c.1059G>T:p.Pro353Pro:1/1']
158,BMH2,1,['missense_variant:c.578C>T:p.Ala193Val:0/1']
169,RNR2,1,['missense_variant:c.839C>T:p.Ala280Val:1/1']
168,FUN30,1,['missense_variant:c.1206G>C:p.Met402Ile:1/1']
167,FRE5,1,['missense_variant:c.824G>A:p.Gly275Glu:1/1']
166,ELA1,1,['synonymous_variant:c.151C>T:p.Leu51Leu:1/1']
165,YNK1,1,['upstream_gene_variant:c.-1469A>T:nan:1/1']
164,tV(AAC)G2,1,['synonymous_variant:c.54G>A:p.Gln18Gln:1/1']
163,CWH43,1,['missense_variant:c.1765G>A:p.Val589Ile:1/1']
159,RQC2,1,['missense_variant:c.2251G>A:p.Glu751Lys:0/1']
405,HLR1,1,['missense_variant:c.854A>G:p.Gln285Arg:1/1']
